Airline,AirlineID,Source airport,Source airport ID,Destination airport,Destination airport ID
3K,3021,BKK,3885,SIN,3316
3K,3021,HKG,3077,SIN,3316
3K,3021,KUL,3304,SIN,3316
3K,3021,SIN,3316,BKK,3885
3K,3021,SIN,3316,HKG,3077
3K,3021,SIN,3316,KUL,3304
3K,3021,SIN,3316,TPE,2276
3K,3021,TPE,2276,SIN,3316
3M,20710,FLL,3533,MCO,3878
3M,20710,MCO,3878,FLL,3533
3U,4608,CAN,3370,CKG,3393
3U,4608,CAN,3370,CTU,3395
3U,4608,CKG,3393,CAN,3370
3U,4608,CKG,3393,CTU,3395
3U,4608,CKG,3393,KMG,3382
3U,4608,CKG,3393,PEK,3364
3U,4608,CKG,3393,PVG,3406
3U,4608,CTU,3395,CAN,3370
3U,4608,CTU,3395,CKG,3393
3U,4608,CTU,3395,HKG,3077
3U,4608,CTU,3395,ICN,3930
3U,4608,CTU,3395,KMG,3382
3U,4608,CTU,3395,PEK,3364
3U,4608,CTU,3395,PVG,3406
3U,4608,HKG,3077,CTU,3395
3U,4608,ICN,3930,CTU,3395
3U,4608,KMG,3382,CKG,3393
3U,4608,KMG,3382,CTU,3395
3U,4608,KMG,3382,TPE,2276
3U,4608,PEK,3364,CKG,3393
3U,4608,PEK,3364,CTU,3395
3U,4608,PVG,3406,CKG,3393
3U,4608,PVG,3406,CTU,3395
3U,4608,TPE,2276,KMG,3382
4B,20565,LAS,3877,LAX,3484
4B,20565,LAX,3484,LAS,3877
4O,17885,JFK,3797,MEX,1824
4O,17885,MEX,1824,JFK,3797
4O,17885,MEX,1824,MIA,3576
4O,17885,MIA,3576,MEX,1824
4U,2548,AGP,1230,TXL,351
4U,2548,ARN,737,CGN,344
4U,2548,ARN,737,DUS,345
4U,2548,ATH,3941,CGN,344
4U,2548,BCN,1218,CGN,344
4U,2548,BCN,1218,DUS,345
4U,2548,CGN,344,ARN,737
4U,2548,CGN,344,ATH,3941
4U,2548,CGN,344,BCN,1218
4U,2548,CGN,344,DUB,599
4U,2548,CGN,344,FCO,1555
4U,2548,CGN,344,LHR,507
4U,2548,CGN,344,LIS,1638
4U,2548,CGN,344,MAN,478
4U,2548,CGN,344,MXP,1524
4U,2548,CGN,344,NCE,1354
4U,2548,CGN,344,PMI,3998
4U,2548,CGN,344,PRG,1587
4U,2548,CGN,344,SAW,4317
4U,2548,CGN,344,STN,548
4U,2548,CGN,344,TXL,351
4U,2548,CGN,344,VIE,1613
4U,2548,CGN,344,ZRH,1678
4U,2548,DUB,599,CGN,344
4U,2548,DUB,599,DUS,345
4U,2548,DUS,345,ARN,737
4U,2548,DUS,345,BCN,1218
4U,2548,DUS,345,DUB,599
4U,2548,DUS,345,GVA,1665
4U,2548,DUS,345,MAD,1229
4U,2548,DUS,345,MXP,1524
4U,2548,DUS,345,PMI,3998
4U,2548,DUS,345,PRG,1587
4U,2548,FCO,1555,CGN,344
4U,2548,FCO,1555,TXL,351
4U,2548,GVA,1665,DUS,345
4U,2548,LHR,507,CGN,344
4U,2548,LHR,507,TXL,351
4U,2548,LIS,1638,CGN,344
4U,2548,MAD,1229,DUS,345
4U,2548,MAN,478,CGN,344
4U,2548,MXP,1524,CGN,344
4U,2548,MXP,1524,DUS,345
4U,2548,NCE,1354,CGN,344
4U,2548,NCE,1354,TXL,351
4U,2548,PMI,3998,CGN,344
4U,2548,PMI,3998,DUS,345
4U,2548,PMI,3998,TXL,351
4U,2548,PRG,1587,CGN,344
4U,2548,PRG,1587,DUS,345
4U,2548,SAW,4317,CGN,344
4U,2548,SAW,4317,TXL,351
4U,2548,STN,548,CGN,344
4U,2548,TXL,351,AGP,1230
4U,2548,TXL,351,CGN,344
4U,2548,TXL,351,FCO,1555
4U,2548,TXL,351,LHR,507
4U,2548,TXL,351,NCE,1354
4U,2548,TXL,351,PMI,3998
4U,2548,TXL,351,SAW,4317
4U,2548,TXL,351,VIE,1613
4U,2548,VIE,1613,CGN,344
4U,2548,VIE,1613,TXL,351
4U,2548,ZRH,1678,CGN,344
6E,2850,BKK,3885,DEL,3093
6E,2850,DEL,3093,BKK,3885
6E,2850,DEL,3093,DXB,2188
6E,2850,DXB,2188,DEL,3093
6R,1340,DME,4029,LED,2948
6R,1340,LED,2948,DME,4029
7C,2994,BKK,3885,ICN,3930
7C,2994,HKG,3077,ICN,3930
7C,2994,ICN,3930,BKK,3885
7C,2994,ICN,3930,HKG,3077
7C,2994,ICN,3930,NRT,2279
7C,2994,NRT,2279,ICN,3930
8B,17408,BKK,3885,CKG,3393
8B,17408,CKG,3393,BKK,3885
8L,2942,KMG,3382,PEK,3364
8L,2942,KMG,3382,PVG,3406
8L,2942,PEK,3364,KMG,3382
8L,2942,PVG,3406,KMG,3382
8Q,3788,CDG,1382,IST,1701
8Q,3788,IST,1701,CDG,1382
9C,15999,BKK,3885,PVG,3406
9C,15999,HKG,3077,PVG,3406
9C,15999,PVG,3406,BKK,3885
9C,15999,PVG,3406,HKG,3077
9C,15999,PVG,3406,SIN,3316
9C,15999,PVG,3406,TPE,2276
9C,15999,SIN,3316,PVG,3406
9C,15999,TPE,2276,PVG,3406
9E,3976,ATL,3682,MSP,3858
9E,3976,MSP,3858,ATL,3682
9W,3000,BRU,302,DEL,3093
9W,3000,BRU,302,EWR,3494
9W,3000,BRU,302,YYZ,193
9W,3000,DEL,3093,BRU,302
9W,3000,DEL,3093,DOH,11051
9W,3000,DEL,3093,HKG,3077
9W,3000,DEL,3093,KUL,3304
9W,3000,DEL,3093,LHR,507
9W,3000,DEL,3093,SIN,3316
9W,3000,DOH,11051,DEL,3093
9W,3000,EWR,3494,BRU,302
9W,3000,HKG,3077,DEL,3093
9W,3000,KUL,3304,DEL,3093
9W,3000,LHR,507,DEL,3093
9W,3000,SIN,3316,DEL,3093
9W,3000,YYZ,193,BRU,302
A3,96,ATH,3941,BCN,1218
A3,96,ATH,3941,BRU,302
A3,96,ATH,3941,CDG,1382
A3,96,ATH,3941,DME,4029
A3,96,ATH,3941,DUS,345
A3,96,ATH,3941,FCO,1555
A3,96,ATH,3941,FRA,340
A3,96,ATH,3941,GVA,1665
A3,96,ATH,3941,IST,1701
A3,96,ATH,3941,LED,2948
A3,96,ATH,3941,LHR,507
A3,96,ATH,3941,MAD,1229
A3,96,ATH,3941,MAN,478
A3,96,ATH,3941,MUC,346
A3,96,ATH,3941,MXP,1524
A3,96,ATH,3941,OSL,644
A3,96,ATH,3941,PHL,3752
A3,96,ATH,3941,PRG,1587
A3,96,ATH,3941,TXL,351
A3,96,ATH,3941,VIE,1613
A3,96,BCN,1218,ATH,3941
A3,96,BRU,302,ATH,3941
A3,96,CDG,1382,ATH,3941
A3,96,DME,4029,ATH,3941
A3,96,DUS,345,ATH,3941
A3,96,FCO,1555,ATH,3941
A3,96,FRA,340,ATH,3941
A3,96,GVA,1665,ATH,3941
A3,96,IST,1701,ATH,3941
A3,96,LED,2948,ATH,3941
A3,96,LHR,507,ATH,3941
A3,96,MAD,1229,ATH,3941
A3,96,MAN,478,ATH,3941
A3,96,MUC,346,ATH,3941
A3,96,MXP,1524,ATH,3941
A3,96,OSL,644,ATH,3941
A3,96,PHL,3752,ATH,3941
A3,96,PRG,1587,ATH,3941
A3,96,TXL,351,ATH,3941
A3,96,VIE,1613,ATH,3941
A3,96,ZRH,1678,LIS,1638
AA,24,AGP,1230,LHR,507
AA,24,AMS,580,LHR,507
AA,24,AMS,580,PHL,3752
AA,24,ARN,737,LHR,507
AA,24,ATL,3682,CLT,3876
AA,24,ATL,3682,DFW,3670
AA,24,ATL,3682,LHR,507
AA,24,ATL,3682,MIA,3576
AA,24,ATL,3682,ORD,3830
AA,24,ATL,3682,PHL,3752
AA,24,ATL,3682,PHX,3462
AA,24,BCN,1218,JFK,3797
AA,24,BCN,1218,LHR,507
AA,24,BCN,1218,MIA,3576
AA,24,BCN,1218,PHL,3752
AA,24,BKK,3885,KUL,3304
AA,24,BKK,3885,NRT,2279
AA,24,BOS,3448,CLT,3876
AA,24,BOS,3448,DCA,3520
AA,24,BOS,3448,DFW,3670
AA,24,BOS,3448,JFK,3797
AA,24,BOS,3448,LAX,3484
AA,24,BOS,3448,LHR,507
AA,24,BOS,3448,MAD,1229
AA,24,BOS,3448,MIA,3576
AA,24,BOS,3448,NRT,2279
AA,24,BOS,3448,ORD,3830
AA,24,BOS,3448,PHL,3752
AA,24,BOS,3448,PHX,3462
AA,24,BOS,3448,SEA,3577
AA,24,BRU,302,LHR,507
AA,24,BRU,302,PHL,3752
AA,24,CDG,1382,CLT,3876
AA,24,CDG,1382,DFW,3670
AA,24,CDG,1382,JFK,3797
AA,24,CDG,1382,KUL,3304
AA,24,CDG,1382,LHR,507
AA,24,CDG,1382,MIA,3576
AA,24,CDG,1382,ORD,3830
AA,24,CDG,1382,PHL,3752
AA,24,CLT,3876,ATL,3682
AA,24,CLT,3876,BOS,3448
AA,24,CLT,3876,CDG,1382
AA,24,CLT,3876,DCA,3520
AA,24,CLT,3876,DEN,3751
AA,24,CLT,3876,DFW,3670
AA,24,CLT,3876,DTW,3645
AA,24,CLT,3876,DUB,599
AA,24,CLT,3876,EWR,3494
AA,24,CLT,3876,FCO,1555
AA,24,CLT,3876,FLL,3533
AA,24,CLT,3876,FRA,340
AA,24,CLT,3876,GRU,2564
AA,24,CLT,3876,IAD,3714
AA,24,CLT,3876,IAH,3550
AA,24,CLT,3876,JFK,3797
AA,24,CLT,3876,LAS,3877
AA,24,CLT,3876,LAX,3484
AA,24,CLT,3876,LHR,507
AA,24,CLT,3876,MCO,3878
AA,24,CLT,3876,MEX,1824
AA,24,CLT,3876,MIA,3576
AA,24,CLT,3876,MSP,3858
AA,24,CLT,3876,ORD,3830
AA,24,CLT,3876,PHL,3752
AA,24,CLT,3876,PHX,3462
AA,24,CLT,3876,SEA,3577
AA,24,CLT,3876,SFO,3469
AA,24,CLT,3876,SLC,3536
AA,24,CLT,3876,YUL,146
AA,24,CLT,3876,YYZ,193
AA,24,CPH,609,LHR,507
AA,24,DCA,3520,BOS,3448
AA,24,DCA,3520,CLT,3876
AA,24,DCA,3520,DFW,3670
AA,24,DCA,3520,DTW,3645
AA,24,DCA,3520,FLL,3533
AA,24,DCA,3520,JFK,3797
AA,24,DCA,3520,LAS,3877
AA,24,DCA,3520,LAX,3484
AA,24,DCA,3520,MCO,3878
AA,24,DCA,3520,MIA,3576
AA,24,DCA,3520,MSP,3858
AA,24,DCA,3520,ORD,3830
AA,24,DCA,3520,PHL,3752
AA,24,DCA,3520,PHX,3462
AA,24,DCA,3520,YUL,146
AA,24,DCA,3520,YYZ,193
AA,24,DEN,3751,CLT,3876
AA,24,DEN,3751,DFW,3670
AA,24,DEN,3751,LAX,3484
AA,24,DEN,3751,LHR,507
AA,24,DEN,3751,MIA,3576
AA,24,DEN,3751,ORD,3830
AA,24,DEN,3751,PHL,3752
AA,24,DEN,3751,PHX,3462
AA,24,DEN,3751,SEA,3577
AA,24,DFW,3670,ATL,3682
AA,24,DFW,3670,BOS,3448
AA,24,DFW,3670,CDG,1382
AA,24,DFW,3670,CLT,3876
AA,24,DFW,3670,DCA,3520
AA,24,DFW,3670,DEN,3751
AA,24,DFW,3670,DTW,3645
AA,24,DFW,3670,EWR,3494
AA,24,DFW,3670,FLL,3533
AA,24,DFW,3670,FRA,340
AA,24,DFW,3670,GRU,2564
AA,24,DFW,3670,IAD,3714
AA,24,DFW,3670,IAH,3550
AA,24,DFW,3670,ICN,3930
AA,24,DFW,3670,JFK,3797
AA,24,DFW,3670,LAS,3877
AA,24,DFW,3670,LAX,3484
AA,24,DFW,3670,LHR,507
AA,24,DFW,3670,MAD,1229
AA,24,DFW,3670,MCO,3878
AA,24,DFW,3670,MEX,1824
AA,24,DFW,3670,MIA,3576
AA,24,DFW,3670,MSP,3858
AA,24,DFW,3670,NRT,2279
AA,24,DFW,3670,ORD,3830
AA,24,DFW,3670,PHL,3752
AA,24,DFW,3670,PHX,3462
AA,24,DFW,3670,SEA,3577
AA,24,DFW,3670,SFO,3469
AA,24,DFW,3670,SLC,3536
AA,24,DFW,3670,YUL,146
AA,24,DFW,3670,YYZ,193
AA,24,DOH,11051,IAD,3714
AA,24,DOH,11051,IAH,3550
AA,24,DOH,11051,JFK,3797
AA,24,DOH,11051,ORD,3830
AA,24,DOH,11051,PHL,3752
AA,24,DTW,3645,CLT,3876
AA,24,DTW,3645,DCA,3520
AA,24,DTW,3645,DFW,3670
AA,24,DTW,3645,MIA,3576
AA,24,DTW,3645,ORD,3830
AA,24,DTW,3645,PHL,3752
AA,24,DTW,3645,PHX,3462
AA,24,DTW,3645,YUL,146
AA,24,DUB,599,CLT,3876
AA,24,DUB,599,JFK,3797
AA,24,DUB,599,LHR,507
AA,24,DUB,599,ORD,3830
AA,24,DUB,599,PHL,3752
AA,24,DUS,345,JFK,3797
AA,24,DUS,345,LAX,3484
AA,24,DUS,345,LHR,507
AA,24,DUS,345,MIA,3576
AA,24,DUS,345,ORD,3830
AA,24,DXB,2188,LHR,507
AA,24,EWR,3494,CLT,3876
AA,24,EWR,3494,DFW,3670
AA,24,EWR,3494,HKG,3077
AA,24,EWR,3494,LHR,507
AA,24,EWR,3494,MIA,3576
AA,24,EWR,3494,ORD,3830
AA,24,EWR,3494,ORY,1386
AA,24,EWR,3494,PHL,3752
AA,24,EWR,3494,PHX,3462
AA,24,EWR,3494,SEA,3577
AA,24,FCO,1555,CLT,3876
AA,24,FCO,1555,JFK,3797
AA,24,FCO,1555,LHR,507
AA,24,FCO,1555,ORD,3830
AA,24,FCO,1555,PHL,3752
AA,24,FLL,3533,CLT,3876
AA,24,FLL,3533,DCA,3520
AA,24,FLL,3533,DFW,3670
AA,24,FLL,3533,ORD,3830
AA,24,FLL,3533,PHL,3752
AA,24,FLL,3533,PHX,3462
AA,24,FRA,340,CLT,3876
AA,24,FRA,340,DFW,3670
AA,24,FRA,340,KUL,3304
AA,24,FRA,340,LHR,507
AA,24,FRA,340,PHL,3752
AA,24,GRU,2564,CLT,3876
AA,24,GRU,2564,DFW,3670
AA,24,GRU,2564,JFK,3797
AA,24,GRU,2564,LAX,3484
AA,24,GRU,2564,MCO,3878
AA,24,GRU,2564,MIA,3576
AA,24,GVA,1665,LHR,507
AA,24,HKG,3077,EWR,3494
AA,24,HKG,3077,JFK,3797
AA,24,HKG,3077,LAX,3484
AA,24,HKG,3077,NRT,2279
AA,24,HKG,3077,ORD,3830
AA,24,HKG,3077,SFO,3469
AA,24,IAD,3714,CLT,3876
AA,24,IAD,3714,DFW,3670
AA,24,IAD,3714,DOH,11051
AA,24,IAD,3714,LAX,3484
AA,24,IAD,3714,LHR,507
AA,24,IAD,3714,MIA,3576
AA,24,IAH,3550,CLT,3876
AA,24,IAH,3550,DFW,3670
AA,24,IAH,3550,DOH,11051
AA,24,IAH,3550,LAX,3484
AA,24,IAH,3550,LHR,507
AA,24,IAH,3550,MIA,3576
AA,24,IAH,3550,ORD,3830
AA,24,IAH,3550,PHL,3752
AA,24,IAH,3550,PHX,3462
AA,24,ICN,3930,DFW,3670
AA,24,IST,1701,LHR,507
AA,24,JFK,3797,BCN,1218
AA,24,JFK,3797,BOS,3448
AA,24,JFK,3797,CDG,1382
AA,24,JFK,3797,CLT,3876
AA,24,JFK,3797,DCA,3520
AA,24,JFK,3797,DFW,3670
AA,24,JFK,3797,DOH,11051
AA,24,JFK,3797,DUB,599
AA,24,JFK,3797,DUS,345
AA,24,JFK,3797,FCO,1555
AA,24,JFK,3797,GRU,2564
AA,24,JFK,3797,HKG,3077
AA,24,JFK,3797,LAS,3877
AA,24,JFK,3797,LAX,3484
AA,24,JFK,3797,LHR,507
AA,24,JFK,3797,MAD,1229
AA,24,JFK,3797,MAN,478
AA,24,JFK,3797,MCO,3878
AA,24,JFK,3797,MIA,3576
AA,24,JFK,3797,MXP,1524
AA,24,JFK,3797,NRT,2279
AA,24,JFK,3797,ORD,3830
AA,24,JFK,3797,ORY,1386
AA,24,JFK,3797,PHX,3462
AA,24,JFK,3797,SEA,3577
AA,24,JFK,3797,SFO,3469
AA,24,JFK,3797,TXL,351
AA,24,JFK,3797,YUL,146
AA,24,JFK,3797,YYZ,193
AA,24,JFK,3797,ZRH,1678
AA,24,KUL,3304,BKK,3885
AA,24,KUL,3304,CDG,1382
AA,24,KUL,3304,FRA,340
AA,24,KUL,3304,LHR,507
AA,24,KUL,3304,NRT,2279
AA,24,LAS,3877,CLT,3876
AA,24,LAS,3877,DCA,3520
AA,24,LAS,3877,DFW,3670
AA,24,LAS,3877,JFK,3797
AA,24,LAS,3877,LGW,502
AA,24,LAS,3877,LHR,507
AA,24,LAS,3877,MIA,3576
AA,24,LAS,3877,ORD,3830
AA,24,LAS,3877,PHL,3752
AA,24,LAS,3877,PHX,3462
AA,24,LAS,3877,YYZ,193
AA,24,LAX,3484,BOS,3448
AA,24,LAX,3484,CLT,3876
AA,24,LAX,3484,DCA,3520
AA,24,LAX,3484,DEN,3751
AA,24,LAX,3484,DFW,3670
AA,24,LAX,3484,DUS,345
AA,24,LAX,3484,GRU,2564
AA,24,LAX,3484,HKG,3077
AA,24,LAX,3484,IAD,3714
AA,24,LAX,3484,IAH,3550
AA,24,LAX,3484,JFK,3797
AA,24,LAX,3484,LHR,507
AA,24,LAX,3484,MAD,1229
AA,24,LAX,3484,MCO,3878
AA,24,LAX,3484,MEX,1824
AA,24,LAX,3484,MIA,3576
AA,24,LAX,3484,NRT,2279
AA,24,LAX,3484,ORD,3830
AA,24,LAX,3484,PHL,3752
AA,24,LAX,3484,PHX,3462
AA,24,LAX,3484,PVG,3406
AA,24,LAX,3484,SEA,3577
AA,24,LAX,3484,SFO,3469
AA,24,LAX,3484,SLC,3536
AA,24,LAX,3484,YYZ,193
AA,24,LGW,502,LAS,3877
AA,24,LGW,502,MCO,3878
AA,24,LHR,507,AGP,1230
AA,24,LHR,507,AMS,580
AA,24,LHR,507,ARN,737
AA,24,LHR,507,ATL,3682
AA,24,LHR,507,BCN,1218
AA,24,LHR,507,BOS,3448
AA,24,LHR,507,BRU,302
AA,24,LHR,507,CDG,1382
AA,24,LHR,507,CLT,3876
AA,24,LHR,507,CPH,609
AA,24,LHR,507,DEN,3751
AA,24,LHR,507,DFW,3670
AA,24,LHR,507,DUB,599
AA,24,LHR,507,DUS,345
AA,24,LHR,507,DXB,2188
AA,24,LHR,507,EWR,3494
AA,24,LHR,507,FCO,1555
AA,24,LHR,507,FRA,340
AA,24,LHR,507,GVA,1665
AA,24,LHR,507,IAD,3714
AA,24,LHR,507,IAH,3550
AA,24,LHR,507,IST,1701
AA,24,LHR,507,JFK,3797
AA,24,LHR,507,KUL,3304
AA,24,LHR,507,LAS,3877
AA,24,LHR,507,LAX,3484
AA,24,LHR,507,LIS,1638
AA,24,LHR,507,MAN,478
AA,24,LHR,507,MIA,3576
AA,24,LHR,507,MUC,346
AA,24,LHR,507,MXP,1524
AA,24,LHR,507,NCE,1354
AA,24,LHR,507,ORD,3830
AA,24,LHR,507,OSL,644
AA,24,LHR,507,PHL,3752
AA,24,LHR,507,PHX,3462
AA,24,LHR,507,PRG,1587
AA,24,LHR,507,SEA,3577
AA,24,LHR,507,SFO,3469
AA,24,LHR,507,VIE,1613
AA,24,LHR,507,YUL,146
AA,24,LHR,507,YYZ,193
AA,24,LHR,507,ZRH,1678
AA,24,LIS,1638,LHR,507
AA,24,LIS,1638,PHL,3752
AA,24,MAD,1229,BOS,3448
AA,24,MAD,1229,DFW,3670
AA,24,MAD,1229,JFK,3797
AA,24,MAD,1229,LAX,3484
AA,24,MAD,1229,MIA,3576
AA,24,MAD,1229,ORD,3830
AA,24,MAD,1229,PHL,3752
AA,24,MAN,478,JFK,3797
AA,24,MAN,478,LHR,507
AA,24,MAN,478,ORD,3830
AA,24,MAN,478,PHL,3752
AA,24,MCO,3878,CLT,3876
AA,24,MCO,3878,DCA,3520
AA,24,MCO,3878,DFW,3670
AA,24,MCO,3878,GRU,2564
AA,24,MCO,3878,JFK,3797
AA,24,MCO,3878,LAX,3484
AA,24,MCO,3878,LGW,502
AA,24,MCO,3878,MIA,3576
AA,24,MCO,3878,ORD,3830
AA,24,MCO,3878,PHL,3752
AA,24,MCO,3878,PHX,3462
AA,24,MCO,3878,SEA,3577
AA,24,MCO,3878,YYZ,193
AA,24,MEX,1824,CLT,3876
AA,24,MEX,1824,DFW,3670
AA,24,MEX,1824,LAX,3484
AA,24,MEX,1824,ORD,3830
AA,24,MEX,1824,PHX,3462
AA,24,MIA,3576,ATL,3682
AA,24,MIA,3576,BCN,1218
AA,24,MIA,3576,BOS,3448
AA,24,MIA,3576,CDG,1382
AA,24,MIA,3576,CLT,3876
AA,24,MIA,3576,DCA,3520
AA,24,MIA,3576,DEN,3751
AA,24,MIA,3576,DFW,3670
AA,24,MIA,3576,DTW,3645
AA,24,MIA,3576,DUS,345
AA,24,MIA,3576,EWR,3494
AA,24,MIA,3576,GRU,2564
AA,24,MIA,3576,IAD,3714
AA,24,MIA,3576,IAH,3550
AA,24,MIA,3576,JFK,3797
AA,24,MIA,3576,LAS,3877
AA,24,MIA,3576,LAX,3484
AA,24,MIA,3576,LHR,507
AA,24,MIA,3576,MAD,1229
AA,24,MIA,3576,MCO,3878
AA,24,MIA,3576,MSP,3858
AA,24,MIA,3576,MXP,1524
AA,24,MIA,3576,ORD,3830
AA,24,MIA,3576,PHL,3752
AA,24,MIA,3576,PHX,3462
AA,24,MIA,3576,SEA,3577
AA,24,MIA,3576,SFO,3469
AA,24,MIA,3576,TXL,351
AA,24,MIA,3576,YUL,146
AA,24,MIA,3576,YYZ,193
AA,24,MSP,3858,CLT,3876
AA,24,MSP,3858,DCA,3520
AA,24,MSP,3858,DFW,3670
AA,24,MSP,3858,MIA,3576
AA,24,MSP,3858,ORD,3830
AA,24,MSP,3858,PHL,3752
AA,24,MSP,3858,PHX,3462
AA,24,MUC,346,LHR,507
AA,24,MUC,346,PHL,3752
AA,24,MXP,1524,JFK,3797
AA,24,MXP,1524,LHR,507
AA,24,MXP,1524,MIA,3576
AA,24,NCE,1354,LHR,507
AA,24,NRT,2279,BKK,3885
AA,24,NRT,2279,BOS,3448
AA,24,NRT,2279,DFW,3670
AA,24,NRT,2279,HKG,3077
AA,24,NRT,2279,JFK,3797
AA,24,NRT,2279,KUL,3304
AA,24,NRT,2279,LAX,3484
AA,24,NRT,2279,ORD,3830
AA,24,NRT,2279,SIN,3316
AA,24,NRT,2279,TPE,2276
AA,24,ORD,3830,ATL,3682
AA,24,ORD,3830,BOS,3448
AA,24,ORD,3830,CDG,1382
AA,24,ORD,3830,CLT,3876
AA,24,ORD,3830,DCA,3520
AA,24,ORD,3830,DEN,3751
AA,24,ORD,3830,DFW,3670
AA,24,ORD,3830,DOH,11051
AA,24,ORD,3830,DTW,3645
AA,24,ORD,3830,DUB,599
AA,24,ORD,3830,DUS,345
AA,24,ORD,3830,EWR,3494
AA,24,ORD,3830,FCO,1555
AA,24,ORD,3830,FLL,3533
AA,24,ORD,3830,HKG,3077
AA,24,ORD,3830,IAH,3550
AA,24,ORD,3830,JFK,3797
AA,24,ORD,3830,LAS,3877
AA,24,ORD,3830,LAX,3484
AA,24,ORD,3830,LHR,507
AA,24,ORD,3830,MAD,1229
AA,24,ORD,3830,MAN,478
AA,24,ORD,3830,MCO,3878
AA,24,ORD,3830,MEX,1824
AA,24,ORD,3830,MIA,3576
AA,24,ORD,3830,MSP,3858
AA,24,ORD,3830,NRT,2279
AA,24,ORD,3830,PEK,3364
AA,24,ORD,3830,PHL,3752
AA,24,ORD,3830,PHX,3462
AA,24,ORD,3830,PVG,3406
AA,24,ORD,3830,SEA,3577
AA,24,ORD,3830,SFO,3469
AA,24,ORD,3830,SLC,3536
AA,24,ORD,3830,TXL,351
AA,24,ORD,3830,YUL,146
AA,24,ORD,3830,YYZ,193
AA,24,ORY,1386,EWR,3494
AA,24,ORY,1386,JFK,3797
AA,24,OSL,644,LHR,507
AA,24,PEK,3364,ORD,3830
AA,24,PEK,3364,SEA,3577
AA,24,PHL,3752,AMS,580
AA,24,PHL,3752,ATL,3682
AA,24,PHL,3752,BCN,1218
AA,24,PHL,3752,BOS,3448
AA,24,PHL,3752,BRU,302
AA,24,PHL,3752,CDG,1382
AA,24,PHL,3752,CLT,3876
AA,24,PHL,3752,DCA,3520
AA,24,PHL,3752,DEN,3751
AA,24,PHL,3752,DFW,3670
AA,24,PHL,3752,DOH,11051
AA,24,PHL,3752,DTW,3645
AA,24,PHL,3752,DUB,599
AA,24,PHL,3752,EWR,3494
AA,24,PHL,3752,FCO,1555
AA,24,PHL,3752,FLL,3533
AA,24,PHL,3752,FRA,340
AA,24,PHL,3752,IAH,3550
AA,24,PHL,3752,LAS,3877
AA,24,PHL,3752,LAX,3484
AA,24,PHL,3752,LHR,507
AA,24,PHL,3752,LIS,1638
AA,24,PHL,3752,MAD,1229
AA,24,PHL,3752,MAN,478
AA,24,PHL,3752,MCO,3878
AA,24,PHL,3752,MIA,3576
AA,24,PHL,3752,MSP,3858
AA,24,PHL,3752,MUC,346
AA,24,PHL,3752,ORD,3830
AA,24,PHL,3752,PHX,3462
AA,24,PHL,3752,SEA,3577
AA,24,PHL,3752,SFO,3469
AA,24,PHL,3752,SLC,3536
AA,24,PHL,3752,YUL,146
AA,24,PHL,3752,YYZ,193
AA,24,PHL,3752,ZRH,1678
AA,24,PHX,3462,ATL,3682
AA,24,PHX,3462,BOS,3448
AA,24,PHX,3462,CLT,3876
AA,24,PHX,3462,DCA,3520
AA,24,PHX,3462,DEN,3751
AA,24,PHX,3462,DFW,3670
AA,24,PHX,3462,DTW,3645
AA,24,PHX,3462,EWR,3494
AA,24,PHX,3462,FLL,3533
AA,24,PHX,3462,IAH,3550
AA,24,PHX,3462,JFK,3797
AA,24,PHX,3462,LAS,3877
AA,24,PHX,3462,LAX,3484
AA,24,PHX,3462,LHR,507
AA,24,PHX,3462,MCO,3878
AA,24,PHX,3462,MEX,1824
AA,24,PHX,3462,MIA,3576
AA,24,PHX,3462,MSP,3858
AA,24,PHX,3462,ORD,3830
AA,24,PHX,3462,PHL,3752
AA,24,PHX,3462,SEA,3577
AA,24,PHX,3462,SFO,3469
AA,24,PHX,3462,SLC,3536
AA,24,PRG,1587,LHR,507
AA,24,PVG,3406,LAX,3484
AA,24,PVG,3406,ORD,3830
AA,24,SEA,3577,BOS,3448
AA,24,SEA,3577,CLT,3876
AA,24,SEA,3577,DEN,3751
AA,24,SEA,3577,DFW,3670
AA,24,SEA,3577,EWR,3494
AA,24,SEA,3577,JFK,3797
AA,24,SEA,3577,LAX,3484
AA,24,SEA,3577,LHR,507
AA,24,SEA,3577,MCO,3878
AA,24,SEA,3577,MIA,3576
AA,24,SEA,3577,ORD,3830
AA,24,SEA,3577,PEK,3364
AA,24,SEA,3577,PHL,3752
AA,24,SEA,3577,PHX,3462
AA,24,SEA,3577,SFO,3469
AA,24,SFO,3469,CLT,3876
AA,24,SFO,3469,DFW,3670
AA,24,SFO,3469,HKG,3077
AA,24,SFO,3469,JFK,3797
AA,24,SFO,3469,LAX,3484
AA,24,SFO,3469,LHR,507
AA,24,SFO,3469,MIA,3576
AA,24,SFO,3469,ORD,3830
AA,24,SFO,3469,PHL,3752
AA,24,SFO,3469,PHX,3462
AA,24,SFO,3469,SEA,3577
AA,24,SIN,3316,NRT,2279
AA,24,SLC,3536,CLT,3876
AA,24,SLC,3536,DFW,3670
AA,24,SLC,3536,LAX,3484
AA,24,SLC,3536,ORD,3830
AA,24,SLC,3536,PHL,3752
AA,24,SLC,3536,PHX,3462
AA,24,TPE,2276,NRT,2279
AA,24,TXL,351,JFK,3797
AA,24,TXL,351,MIA,3576
AA,24,TXL,351,ORD,3830
AA,24,VIE,1613,LHR,507
AA,24,YUL,146,CLT,3876
AA,24,YUL,146,DCA,3520
AA,24,YUL,146,DFW,3670
AA,24,YUL,146,DTW,3645
AA,24,YUL,146,JFK,3797
AA,24,YUL,146,LHR,507
AA,24,YUL,146,MIA,3576
AA,24,YUL,146,ORD,3830
AA,24,YUL,146,PHL,3752
AA,24,YYZ,193,CLT,3876
AA,24,YYZ,193,DCA,3520
AA,24,YYZ,193,DFW,3670
AA,24,YYZ,193,JFK,3797
AA,24,YYZ,193,LAS,3877
AA,24,YYZ,193,LAX,3484
AA,24,YYZ,193,LHR,507
AA,24,YYZ,193,MCO,3878
AA,24,YYZ,193,MIA,3576
AA,24,YYZ,193,ORD,3830
AA,24,YYZ,193,PHL,3752
AA,24,ZRH,1678,JFK,3797
AA,24,ZRH,1678,LHR,507
AA,24,ZRH,1678,PHL,3752
AB,214,AGP,1230,CGN,344
AB,214,AGP,1230,DUS,345
AB,214,AGP,1230,MUC,346
AB,214,AGP,1230,PMI,3998
AB,214,AGP,1230,VIE,1613
AB,214,ALC,1212,DUS,345
AB,214,ALC,1212,FRA,340
AB,214,ALC,1212,MUC,346
AB,214,ALC,1212,PMI,3998
AB,214,ALC,1212,TXL,351
AB,214,ALC,1212,ZRH,1678
AB,214,ARN,737,TXL,351
AB,214,ARN,737,VIE,1613
AB,214,BCN,1218,TXL,351
AB,214,BCN,1218,VIE,1613
AB,214,CDG,1382,VIE,1613
AB,214,CGN,344,AGP,1230
AB,214,CGN,344,MUC,346
AB,214,CPH,609,DUS,345
AB,214,CPH,609,PMI,3998
AB,214,CPH,609,TXL,351
AB,214,CPH,609,VIE,1613
AB,214,DME,4029,DUS,345
AB,214,DME,4029,FRA,340
AB,214,DME,4029,MUC,346
AB,214,DME,4029,TXL,351
AB,214,DUS,345,AGP,1230
AB,214,DUS,345,ALC,1212
AB,214,DUS,345,CPH,609
AB,214,DUS,345,DME,4029
AB,214,DUS,345,FCO,1555
AB,214,DUS,345,MUC,346
AB,214,DUS,345,NCE,1354
AB,214,DUS,345,SAW,4317
AB,214,DUS,345,STN,548
AB,214,DUS,345,TXL,351
AB,214,DUS,345,VIE,1613
AB,214,DUS,345,ZRH,1678
AB,214,FCO,1555,DUS,345
AB,214,FCO,1555,VIE,1613
AB,214,FRA,340,ALC,1212
AB,214,FRA,340,DME,4029
AB,214,FRA,340,MAD,1229
AB,214,FRA,340,PMI,3998
AB,214,FRA,340,TXL,351
AB,214,FRA,340,VIE,1613
AB,214,GVA,1665,MAD,1229
AB,214,LED,2948,TXL,351
AB,214,LHR,507,ORY,1386
AB,214,MAD,1229,FRA,340
AB,214,MAD,1229,GVA,1665
AB,214,MAD,1229,MUC,346
AB,214,MAD,1229,TXL,351
AB,214,MAD,1229,VIE,1613
AB,214,MAD,1229,ZRH,1678
AB,214,MUC,346,AGP,1230
AB,214,MUC,346,ALC,1212
AB,214,MUC,346,CGN,344
AB,214,MUC,346,DME,4029
AB,214,MUC,346,DUS,345
AB,214,MUC,346,MAD,1229
AB,214,MUC,346,PMI,3998
AB,214,MUC,346,SAW,4317
AB,214,MUC,346,TXL,351
AB,214,MUC,346,VIE,1613
AB,214,MXP,1524,TXL,351
AB,214,MXP,1524,VIE,1613
AB,214,NCE,1354,DUS,345
AB,214,NCE,1354,VIE,1613
AB,214,ORY,1386,LHR,507
AB,214,ORY,1386,TXL,351
AB,214,OSL,644,TXL,351
AB,214,PEK,3364,TXL,351
AB,214,PMI,3998,AGP,1230
AB,214,PMI,3998,ALC,1212
AB,214,PMI,3998,CPH,609
AB,214,PMI,3998,FRA,340
AB,214,PMI,3998,MUC,346
AB,214,PMI,3998,VIE,1613
AB,214,PMI,3998,ZRH,1678
AB,214,SAW,4317,DUS,345
AB,214,SAW,4317,MUC,346
AB,214,STN,548,DUS,345
AB,214,TXL,351,ALC,1212
AB,214,TXL,351,ARN,737
AB,214,TXL,351,BCN,1218
AB,214,TXL,351,CPH,609
AB,214,TXL,351,DME,4029
AB,214,TXL,351,DUS,345
AB,214,TXL,351,FRA,340
AB,214,TXL,351,LED,2948
AB,214,TXL,351,MAD,1229
AB,214,TXL,351,MUC,346
AB,214,TXL,351,MXP,1524
AB,214,TXL,351,ORY,1386
AB,214,TXL,351,OSL,644
AB,214,TXL,351,PEK,3364
AB,214,TXL,351,ZRH,1678
AB,214,VIE,1613,AGP,1230
AB,214,VIE,1613,ARN,737
AB,214,VIE,1613,BCN,1218
AB,214,VIE,1613,CDG,1382
AB,214,VIE,1613,CPH,609
AB,214,VIE,1613,DUS,345
AB,214,VIE,1613,FCO,1555
AB,214,VIE,1613,FRA,340
AB,214,VIE,1613,MAD,1229
AB,214,VIE,1613,MUC,346
AB,214,VIE,1613,MXP,1524
AB,214,VIE,1613,NCE,1354
AB,214,VIE,1613,PMI,3998
AB,214,VIE,1613,ZRH,1678
AB,214,ZRH,1678,ALC,1212
AB,214,ZRH,1678,DUS,345
AB,214,ZRH,1678,MAD,1229
AB,214,ZRH,1678,PMI,3998
AB,214,ZRH,1678,TXL,351
AB,214,ZRH,1678,VIE,1613
AC,330,AMS,580,CPH,609
AC,330,ATL,3682,DEN,3751
AC,330,ATL,3682,YYZ,193
AC,330,BCN,1218,YYZ,193
AC,330,BOS,3448,YUL,146
AC,330,BOS,3448,YYZ,193
AC,330,BRU,302,YUL,146
AC,330,CDG,1382,YUL,146
AC,330,CDG,1382,YYZ,193
AC,330,CPH,609,AMS,580
AC,330,CPH,609,OSL,644
AC,330,CPH,609,YYZ,193
AC,330,DEN,3751,ATL,3682
AC,330,DEN,3751,YUL,146
AC,330,DEN,3751,YYZ,193
AC,330,DOH,11051,FRA,340
AC,330,DTW,3645,YYZ,193
AC,330,DUB,599,YYZ,193
AC,330,EWR,3494,YUL,146
AC,330,EWR,3494,YYZ,193
AC,330,FCO,1555,YYZ,193
AC,330,FLL,3533,YUL,146
AC,330,FLL,3533,YYZ,193
AC,330,FRA,340,DOH,11051
AC,330,FRA,340,JED,2072
AC,330,FRA,340,YUL,146
AC,330,FRA,340,YYZ,193
AC,330,GRU,2564,YYZ,193
AC,330,GVA,1665,YUL,146
AC,330,HKG,3077,YYZ,193
AC,330,IAD,3714,YUL,146
AC,330,IAD,3714,YYZ,193
AC,330,IAH,3550,YUL,146
AC,330,IAH,3550,YYZ,193
AC,330,IST,1701,YYZ,193
AC,330,JED,2072,FRA,340
AC,330,JED,2072,IST,1701
AC,330,LAS,3877,YUL,146
AC,330,LAX,3484,YUL,146
AC,330,MCO,3878,YUL,146
AC,330,MEX,1824,YYZ,193
AC,330,MSP,3858,YYZ,193
AC,330,MUC,346,YUL,146
AC,330,MUC,346,YYZ,193
AC,330,NRT,2279,YYZ,193
AC,330,PEK,3364,YYZ,193
AC,330,PHX,3462,YYZ,193
AC,330,PVG,3406,YYZ,193
AC,330,SEA,3577,YYZ,193
AC,330,SFO,3469,YUL,146
AC,330,SFO,3469,YYZ,193
AC,330,VIE,1613,YYZ,193
AC,330,YUL,146,BOS,3448
AC,330,YUL,146,BRU,302
AC,330,YUL,146,CDG,1382
AC,330,YUL,146,DEN,3751
AC,330,YUL,146,EWR,3494
AC,330,YUL,146,FLL,3533
AC,330,YUL,146,FRA,340
AC,330,YUL,146,GVA,1665
AC,330,YUL,146,IAD,3714
AC,330,YUL,146,IAH,3550
AC,330,YUL,146,LAS,3877
AC,330,YUL,146,LAX,3484
AC,330,YUL,146,MCO,3878
AC,330,YUL,146,MUC,346
AC,330,YUL,146,SFO,3469
AC,330,YUL,146,YYZ,193
AC,330,YUL,146,ZRH,1678
AC,330,YYZ,193,ATL,3682
AC,330,YYZ,193,BCN,1218
AC,330,YYZ,193,BOS,3448
AC,330,YYZ,193,CDG,1382
AC,330,YYZ,193,CPH,609
AC,330,YYZ,193,DEN,3751
AC,330,YYZ,193,DTW,3645
AC,330,YYZ,193,DUB,599
AC,330,YYZ,193,EWR,3494
AC,330,YYZ,193,FCO,1555
AC,330,YYZ,193,FLL,3533
AC,330,YYZ,193,FRA,340
AC,330,YYZ,193,GRU,2564
AC,330,YYZ,193,HKG,3077
AC,330,YYZ,193,IAD,3714
AC,330,YYZ,193,IAH,3550
AC,330,YYZ,193,IST,1701
AC,330,YYZ,193,MEX,1824
AC,330,YYZ,193,MSP,3858
AC,330,YYZ,193,MUC,346
AC,330,YYZ,193,NRT,2279
AC,330,YYZ,193,PEK,3364
AC,330,YYZ,193,PHX,3462
AC,330,YYZ,193,PVG,3406
AC,330,YYZ,193,SEA,3577
AC,330,YYZ,193,SFO,3469
AC,330,YYZ,193,VIE,1613
AC,330,YYZ,193,YUL,146
AC,330,YYZ,193,ZRH,1678
AC,330,ZRH,1678,YUL,146
AC,330,ZRH,1678,YYZ,193
AF,137,AGP,1230,CDG,1382
AF,137,AMS,580,CDG,1382
AF,137,AMS,580,DOH,11051
AF,137,AMS,580,KUL,3304
AF,137,AMS,580,NCE,1354
AF,137,AMS,580,TPE,2276
AF,137,ARN,737,CDG,1382
AF,137,ATL,3682,BOS,3448
AF,137,ATL,3682,BRU,302
AF,137,ATL,3682,CDG,1382
AF,137,ATL,3682,DCA,3520
AF,137,ATL,3682,DTW,3645
AF,137,ATL,3682,DUB,599
AF,137,ATL,3682,DUS,345
AF,137,ATL,3682,EWR,3494
AF,137,ATL,3682,FCO,1555
AF,137,ATL,3682,FLL,3533
AF,137,ATL,3682,FRA,340
AF,137,ATL,3682,IAD,3714
AF,137,ATL,3682,IAH,3550
AF,137,ATL,3682,JFK,3797
AF,137,ATL,3682,LAS,3877
AF,137,ATL,3682,LAX,3484
AF,137,ATL,3682,MAD,1229
AF,137,ATL,3682,MAN,478
AF,137,ATL,3682,MCO,3878
AF,137,ATL,3682,MEX,1824
AF,137,ATL,3682,MUC,346
AF,137,ATL,3682,SEA,3577
AF,137,ATL,3682,SFO,3469
AF,137,ATL,3682,SLC,3536
AF,137,ATL,3682,YUL,146
AF,137,BCN,1218,CDG,1382
AF,137,BKK,3885,CDG,1382
AF,137,BOS,3448,ATL,3682
AF,137,BOS,3448,CDG,1382
AF,137,BRU,302,ATL,3682
AF,137,BRU,302,JFK,3797
AF,137,CAN,3370,CDG,1382
AF,137,CAN,3370,SIN,3316
AF,137,CDG,1382,AGP,1230
AF,137,CDG,1382,AMS,580
AF,137,CDG,1382,ARN,737
AF,137,CDG,1382,ATL,3682
AF,137,CDG,1382,BCN,1218
AF,137,CDG,1382,BKK,3885
AF,137,CDG,1382,BOS,3448
AF,137,CDG,1382,CAN,3370
AF,137,CDG,1382,CPH,609
AF,137,CDG,1382,DEL,3093
AF,137,CDG,1382,DTW,3645
AF,137,CDG,1382,DUB,599
AF,137,CDG,1382,DUS,345
AF,137,CDG,1382,DXB,2188
AF,137,CDG,1382,EWR,3494
AF,137,CDG,1382,FCO,1555
AF,137,CDG,1382,FRA,340
AF,137,CDG,1382,GRU,2564
AF,137,CDG,1382,GVA,1665
AF,137,CDG,1382,HKG,3077
AF,137,CDG,1382,IAD,3714
AF,137,CDG,1382,IAH,3550
AF,137,CDG,1382,ICN,3930
AF,137,CDG,1382,JED,2072
AF,137,CDG,1382,LAX,3484
AF,137,CDG,1382,LED,2948
AF,137,CDG,1382,LIS,1638
AF,137,CDG,1382,MAD,1229
AF,137,CDG,1382,MAN,478
AF,137,CDG,1382,MEX,1824
AF,137,CDG,1382,MSP,3858
AF,137,CDG,1382,MUC,346
AF,137,CDG,1382,NCE,1354
AF,137,CDG,1382,NRT,2279
AF,137,CDG,1382,OSL,644
AF,137,CDG,1382,PEK,3364
AF,137,CDG,1382,PRG,1587
AF,137,CDG,1382,PVG,3406
AF,137,CDG,1382,SEA,3577
AF,137,CDG,1382,SFO,3469
AF,137,CDG,1382,SIN,3316
AF,137,CDG,1382,SLC,3536
AF,137,CDG,1382,SVO,2985
AF,137,CDG,1382,TXL,351
AF,137,CDG,1382,ZRH,1678
AF,137,CPH,609,CDG,1382
AF,137,DCA,3520,ATL,3682
AF,137,DEL,3093,CDG,1382
AF,137,DOH,11051,AMS,580
AF,137,DTW,3645,ATL,3682
AF,137,DTW,3645,CDG,1382
AF,137,DTW,3645,FRA,340
AF,137,DTW,3645,LHR,507
AF,137,DUB,599,ATL,3682
AF,137,DUB,599,CDG,1382
AF,137,DUS,345,ATL,3682
AF,137,DUS,345,CDG,1382
AF,137,DXB,2188,CDG,1382
AF,137,EWR,3494,ATL,3682
AF,137,EWR,3494,CDG,1382
AF,137,FCO,1555,ATL,3682
AF,137,FCO,1555,CDG,1382
AF,137,FCO,1555,NCE,1354
AF,137,FLL,3533,ATL,3682
AF,137,FRA,340,ATL,3682
AF,137,FRA,340,CDG,1382
AF,137,FRA,340,DTW,3645
AF,137,FRA,340,JFK,3797
AF,137,GRU,2564,CDG,1382
AF,137,GVA,1665,CDG,1382
AF,137,HKG,3077,CDG,1382
AF,137,IAD,3714,ATL,3682
AF,137,IAD,3714,CDG,1382
AF,137,IAH,3550,ATL,3682
AF,137,IAH,3550,CDG,1382
AF,137,ICN,3930,CDG,1382
AF,137,JED,2072,CDG,1382
AF,137,JFK,3797,ATL,3682
AF,137,JFK,3797,BRU,302
AF,137,JFK,3797,FRA,340
AF,137,JFK,3797,NCE,1354
AF,137,KMG,3382,CAN,3370
AF,137,KUL,3304,AMS,580
AF,137,LAS,3877,ATL,3682
AF,137,LAX,3484,ATL,3682
AF,137,LAX,3484,CDG,1382
AF,137,LAX,3484,MSP,3858
AF,137,LED,2948,CDG,1382
AF,137,LHR,507,DTW,3645
AF,137,LHR,507,MSP,3858
AF,137,LIS,1638,CDG,1382
AF,137,MAD,1229,ATL,3682
AF,137,MAD,1229,CDG,1382
AF,137,MAD,1229,ORY,1386
AF,137,MAN,478,ATL,3682
AF,137,MAN,478,CDG,1382
AF,137,MCO,3878,ATL,3682
AF,137,MEX,1824,ATL,3682
AF,137,MEX,1824,CDG,1382
AF,137,MSP,3858,CDG,1382
AF,137,MSP,3858,LAX,3484
AF,137,MSP,3858,LHR,507
AF,137,MSP,3858,SEA,3577
AF,137,MSP,3858,SFO,3469
AF,137,MUC,346,ATL,3682
AF,137,MUC,346,CDG,1382
AF,137,NCE,1354,AMS,580
AF,137,NCE,1354,CDG,1382
AF,137,NCE,1354,FCO,1555
AF,137,NCE,1354,JFK,3797
AF,137,NCE,1354,ORY,1386
AF,137,NRT,2279,CDG,1382
AF,137,ORY,1386,MAD,1229
AF,137,ORY,1386,NCE,1354
AF,137,ORY,1386,PMI,3998
AF,137,OSL,644,CDG,1382
AF,137,PEK,3364,CDG,1382
AF,137,PMI,3998,ORY,1386
AF,137,PRG,1587,CDG,1382
AF,137,PVG,3406,CDG,1382
AF,137,SEA,3577,ATL,3682
AF,137,SEA,3577,CDG,1382
AF,137,SFO,3469,ATL,3682
AF,137,SFO,3469,CDG,1382
AF,137,SIN,3316,CDG,1382
AF,137,SLC,3536,ATL,3682
AF,137,SLC,3536,CDG,1382
AF,137,SVO,2985,CDG,1382
AF,137,TPE,2276,AMS,580
AF,137,TXL,351,CDG,1382
AF,137,YUL,146,ATL,3682
AF,137,ZRH,1678,CDG,1382
AI,218,DEL,3093,FRA,340
AI,218,DEL,3093,ICN,3930
AI,218,DEL,3093,IST,1701
AI,218,DEL,3093,JED,2072
AI,218,DEL,3093,JFK,3797
AI,218,DEL,3093,MUC,346
AI,218,DEL,3093,NRT,2279
AI,218,DEL,3093,ORD,3830
AI,218,DEL,3093,PVG,3406
AI,218,DEL,3093,VIE,1613
AI,218,DEL,3093,ZRH,1678
AI,218,FRA,340,DEL,3093
AI,218,ICN,3930,DEL,3093
AI,218,ICN,3930,SFO,3469
AI,218,ICN,3930,SIN,3316
AI,218,IST,1701,DEL,3093
AI,218,JED,2072,DEL,3093
AI,218,JFK,3797,DEL,3093
AI,218,MUC,346,DEL,3093
AI,218,NRT,2279,DEL,3093
AI,218,ORD,3830,DEL,3093
AI,218,PVG,3406,DEL,3093
AI,218,SFO,3469,ICN,3930
AI,218,SIN,3316,ICN,3930
AI,218,VIE,1613,DEL,3093
AI,218,ZRH,1678,DEL,3093
AK,576,CAN,3370,KUL,3304
AK,576,HKG,3077,KUL,3304
AK,576,KMG,3382,KUL,3304
AK,576,KUL,3304,CAN,3370
AK,576,KUL,3304,HKG,3077
AK,576,KUL,3304,KMG,3382
AM,321,BRU,302,MAD,1229
AM,321,DTW,3645,MEX,1824
AM,321,GRU,2564,MEX,1824
AM,321,IAD,3714,MEX,1824
AM,321,IAH,3550,MEX,1824
AM,321,LAS,3877,MEX,1824
AM,321,LHR,507,MEX,1824
AM,321,MAD,1229,BRU,302
AM,321,MAD,1229,MEX,1824
AM,321,MCO,3878,MEX,1824
AM,321,MEX,1824,DTW,3645
AM,321,MEX,1824,GRU,2564
AM,321,MEX,1824,IAD,3714
AM,321,MEX,1824,IAH,3550
AM,321,MEX,1824,LAS,3877
AM,321,MEX,1824,LHR,507
AM,321,MEX,1824,MAD,1229
AM,321,MEX,1824,MCO,3878
AM,321,MEX,1824,SFO,3469
AM,321,MEX,1824,YUL,146
AM,321,NRT,2279,MEX,1824
AM,321,SFO,3469,MEX,1824
AM,321,YUL,146,MEX,1824
AS,439,DCA,3520,SEA,3577
AS,439,FLL,3533,SEA,3577
AS,439,IAH,3550,SEA,3577
AS,439,LAS,3877,SEA,3577
AS,439,SEA,3577,DCA,3520
AS,439,SEA,3577,FLL,3533
AS,439,SEA,3577,IAH,3550
AS,439,SEA,3577,LAS,3877
AS,439,SEA,3577,MSP,3858
AS,439,SEA,3577,SLC,3536
AS,439,SLC,3536,SEA,3577
AY,2350,AMS,580,LIS,1638
AY,2350,BRU,302,LIS,1638
AY,2350,GVA,1665,LIS,1638
AY,2350,LIS,1638,AMS,580
AY,2350,LIS,1638,BRU,302
AY,2350,LIS,1638,GVA,1665
AY,2350,LIS,1638,ZRH,1678
AZ,596,AGP,1230,FCO,1555
AZ,596,AMS,580,ARN,737
AZ,596,AMS,580,CGN,344
AZ,596,AMS,580,DUS,345
AZ,596,AMS,580,DXB,2188
AZ,596,AMS,580,FCO,1555
AZ,596,AMS,580,TXL,351
AZ,596,ARN,737,AMS,580
AZ,596,BCN,1218,FCO,1555
AZ,596,BCN,1218,PMI,3998
AZ,596,BOS,3448,FCO,1555
AZ,596,BRU,302,FCO,1555
AZ,596,CGN,344,AMS,580
AZ,596,CPH,609,FCO,1555
AZ,596,DEL,3093,FCO,1555
AZ,596,DEL,3093,TPE,2276
AZ,596,DUS,345,AMS,580
AZ,596,DXB,2188,AMS,580
AZ,596,FCO,1555,AGP,1230
AZ,596,FCO,1555,AMS,580
AZ,596,FCO,1555,BCN,1218
AZ,596,FCO,1555,BOS,3448
AZ,596,FCO,1555,BRU,302
AZ,596,FCO,1555,CPH,609
AZ,596,FCO,1555,DEL,3093
AZ,596,FCO,1555,FRA,340
AZ,596,FCO,1555,GRU,2564
AZ,596,FCO,1555,GVA,1665
AZ,596,FCO,1555,ICN,3930
AZ,596,FCO,1555,IST,1701
AZ,596,FCO,1555,JED,2072
AZ,596,FCO,1555,LAX,3484
AZ,596,FCO,1555,LED,2948
AZ,596,FCO,1555,LIS,1638
AZ,596,FCO,1555,MAD,1229
AZ,596,FCO,1555,MIA,3576
AZ,596,FCO,1555,MUC,346
AZ,596,FCO,1555,MXP,1524
AZ,596,FCO,1555,NRT,2279
AZ,596,FCO,1555,PRG,1587
AZ,596,FCO,1555,PVG,3406
AZ,596,FCO,1555,SVO,2985
AZ,596,FCO,1555,ZRH,1678
AZ,596,FRA,340,FCO,1555
AZ,596,GRU,2564,FCO,1555
AZ,596,GVA,1665,FCO,1555
AZ,596,ICN,3930,MXP,1524
AZ,596,IST,1701,FCO,1555
AZ,596,JED,2072,FCO,1555
AZ,596,JED,2072,MXP,1524
AZ,596,LAX,3484,FCO,1555
AZ,596,LED,2948,FCO,1555
AZ,596,LED,2948,MXP,1524
AZ,596,LIS,1638,FCO,1555
AZ,596,LIS,1638,MXP,1524
AZ,596,MAD,1229,FCO,1555
AZ,596,MAD,1229,PMI,3998
AZ,596,MIA,3576,FCO,1555
AZ,596,MUC,346,FCO,1555
AZ,596,MXP,1524,FCO,1555
AZ,596,MXP,1524,JED,2072
AZ,596,MXP,1524,LED,2948
AZ,596,MXP,1524,LIS,1638
AZ,596,MXP,1524,NRT,2279
AZ,596,MXP,1524,SVO,2985
AZ,596,NRT,2279,FCO,1555
AZ,596,NRT,2279,MXP,1524
AZ,596,PMI,3998,BCN,1218
AZ,596,PMI,3998,MAD,1229
AZ,596,PRG,1587,FCO,1555
AZ,596,PVG,3406,FCO,1555
AZ,596,SVO,2985,FCO,1555
AZ,596,SVO,2985,MXP,1524
AZ,596,TPE,2276,DEL,3093
AZ,596,TXL,351,AMS,580
AZ,596,ZRH,1678,FCO,1555
B6,3029,BOS,3448,DEN,3751
B6,3029,BOS,3448,DTW,3645
B6,3029,BOS,3448,DXB,2188
B6,3029,BOS,3448,EWR,3494
B6,3029,BOS,3448,FLL,3533
B6,3029,BOS,3448,IAD,3714
B6,3029,BOS,3448,LAS,3877
B6,3029,BOS,3448,MCO,3878
B6,3029,BOS,3448,SFO,3469
B6,3029,DEN,3751,BOS,3448
B6,3029,DEN,3751,JFK,3797
B6,3029,DFW,3670,DXB,2188
B6,3029,DTW,3645,BOS,3448
B6,3029,DXB,2188,BOS,3448
B6,3029,DXB,2188,DFW,3670
B6,3029,DXB,2188,IAD,3714
B6,3029,DXB,2188,IAH,3550
B6,3029,DXB,2188,JFK,3797
B6,3029,DXB,2188,LAX,3484
B6,3029,DXB,2188,MXP,1524
B6,3029,DXB,2188,SEA,3577
B6,3029,DXB,2188,SFO,3469
B6,3029,EWR,3494,BOS,3448
B6,3029,EWR,3494,FLL,3533
B6,3029,EWR,3494,MCO,3878
B6,3029,FLL,3533,BOS,3448
B6,3029,FLL,3533,EWR,3494
B6,3029,FLL,3533,JFK,3797
B6,3029,FLL,3533,LAX,3484
B6,3029,FLL,3533,SFO,3469
B6,3029,IAD,3714,BOS,3448
B6,3029,IAD,3714,DXB,2188
B6,3029,IAD,3714,JFK,3797
B6,3029,IAH,3550,DXB,2188
B6,3029,JFK,3797,DEN,3751
B6,3029,JFK,3797,DXB,2188
B6,3029,JFK,3797,FLL,3533
B6,3029,JFK,3797,IAD,3714
B6,3029,JFK,3797,SLC,3536
B6,3029,LAS,3877,BOS,3448
B6,3029,LAX,3484,DXB,2188
B6,3029,LAX,3484,FLL,3533
B6,3029,MCO,3878,BOS,3448
B6,3029,MCO,3878,EWR,3494
B6,3029,MXP,1524,DXB,2188
B6,3029,SEA,3577,DXB,2188
B6,3029,SFO,3469,BOS,3448
B6,3029,SFO,3469,DXB,2188
B6,3029,SFO,3469,FLL,3533
B6,3029,SLC,3536,JFK,3797
B7,9082,CKG,3393,TPE,2276
B7,9082,TPE,2276,CKG,3393
BA,1355,AGP,1230,LGW,502
BA,1355,ALC,1212,LGW,502
BA,1355,AMS,580,LGW,502
BA,1355,BCN,1218,LGW,502
BA,1355,BKK,3885,LHR,507
BA,1355,CTU,3395,LHR,507
BA,1355,DME,4029,LHR,507
BA,1355,FCO,1555,LGW,502
BA,1355,GRU,2564,LHR,507
BA,1355,HKG,3077,LHR,507
BA,1355,ICN,3930,LHR,507
BA,1355,JED,2072,LHR,507
BA,1355,LED,2948,LHR,507
BA,1355,LGW,502,AGP,1230
BA,1355,LGW,502,ALC,1212
BA,1355,LGW,502,AMS,580
BA,1355,LGW,502,BCN,1218
BA,1355,LGW,502,FCO,1555
BA,1355,LGW,502,NCE,1354
BA,1355,LHR,507,BKK,3885
BA,1355,LHR,507,CTU,3395
BA,1355,LHR,507,DME,4029
BA,1355,LHR,507,GRU,2564
BA,1355,LHR,507,HKG,3077
BA,1355,LHR,507,ICN,3930
BA,1355,LHR,507,JED,2072
BA,1355,LHR,507,LED,2948
BA,1355,LHR,507,MAD,1229
BA,1355,LHR,507,NRT,2279
BA,1355,LHR,507,PEK,3364
BA,1355,LHR,507,PMI,3998
BA,1355,LHR,507,PVG,3406
BA,1355,LHR,507,SIN,3316
BA,1355,MAD,1229,LHR,507
BA,1355,NCE,1354,LGW,502
BA,1355,NRT,2279,LHR,507
BA,1355,PEK,3364,LHR,507
BA,1355,PMI,3998,LHR,507
BA,1355,PVG,3406,LHR,507
BA,1355,SIN,3316,LHR,507
BE,2421,DUS,345,MAN,478
BE,2421,MAN,478,DUS,345
BE,2421,MAN,478,MXP,1524
BE,2421,MXP,1524,MAN,478
BG,1359,DOH,11051,DXB,2188
BR,2091,AMS,580,BKK,3885
BR,2091,BKK,3885,AMS,580
BR,2091,BKK,3885,TPE,2276
BR,2091,BKK,3885,VIE,1613
BR,2091,CAN,3370,TPE,2276
BR,2091,CDG,1382,TPE,2276
BR,2091,CTU,3395,TPE,2276
BR,2091,HKG,3077,TPE,2276
BR,2091,ICN,3930,TPE,2276
BR,2091,JFK,3797,TPE,2276
BR,2091,KUL,3304,TPE,2276
BR,2091,LAX,3484,TPE,2276
BR,2091,PEK,3364,TPE,2276
BR,2091,SEA,3577,TPE,2276
BR,2091,SFO,3469,TPE,2276
BR,2091,TPE,2276,BKK,3885
BR,2091,TPE,2276,CAN,3370
BR,2091,TPE,2276,CDG,1382
BR,2091,TPE,2276,CTU,3395
BR,2091,TPE,2276,HKG,3077
BR,2091,TPE,2276,ICN,3930
BR,2091,TPE,2276,JFK,3797
BR,2091,TPE,2276,KUL,3304
BR,2091,TPE,2276,LAX,3484
BR,2091,TPE,2276,PEK,3364
BR,2091,TPE,2276,SEA,3577
BR,2091,TPE,2276,SFO,3469
BR,2091,TPE,2276,YYZ,193
BR,2091,VIE,1613,BKK,3885
BR,2091,YYZ,193,TPE,2276
BV,1463,DME,4029,FCO,1555
BV,1463,FCO,1555,DME,4029
CA,751,ARN,737,GVA,1665
CA,751,ARN,737,PEK,3364
CA,751,BKK,3885,PEK,3364
CA,751,CAN,3370,IST,1701
CA,751,CAN,3370,KMG,3382
CA,751,CAN,3370,NRT,2279
CA,751,CAN,3370,PEK,3364
CA,751,CAN,3370,PVG,3406
CA,751,CKG,3393,HKG,3077
CA,751,CKG,3393,ICN,3930
CA,751,CPH,609,FRA,340
CA,751,CPH,609,GVA,1665
CA,751,CPH,609,PEK,3364
CA,751,CTU,3395,FRA,340
CA,751,CTU,3395,NRT,2279
CA,751,CTU,3395,SIN,3316
CA,751,DEL,3093,PEK,3364
CA,751,DUS,345,PEK,3364
CA,751,DXB,2188,PEK,3364
CA,751,EWR,3494,PEK,3364
CA,751,EWR,3494,PVG,3406
CA,751,FCO,1555,PEK,3364
CA,751,FRA,340,CPH,609
CA,751,FRA,340,CTU,3395
CA,751,FRA,340,PEK,3364
CA,751,FRA,340,PVG,3406
CA,751,GRU,2564,MAD,1229
CA,751,GVA,1665,ARN,737
CA,751,GVA,1665,CPH,609
CA,751,GVA,1665,PEK,3364
CA,751,HKG,3077,CKG,3393
CA,751,HKG,3077,PEK,3364
CA,751,IAD,3714,PEK,3364
CA,751,IAH,3550,PEK,3364
CA,751,ICN,3930,CKG,3393
CA,751,ICN,3930,PEK,3364
CA,751,IST,1701,CAN,3370
CA,751,IST,1701,PEK,3364
CA,751,IST,1701,PVG,3406
CA,751,JFK,3797,PEK,3364
CA,751,LAX,3484,PEK,3364
CA,751,LGW,502,PEK,3364
CA,751,MAD,1229,GRU,2564
CA,751,MAD,1229,PEK,3364
CA,751,MUC,346,PEK,3364
CA,751,MUC,346,PVG,3406
CA,751,MXP,1524,PEK,3364
CA,751,MXP,1524,PVG,3406
CA,751,NRT,2279,CAN,3370
CA,751,NRT,2279,CTU,3395
CA,751,NRT,2279,PEK,3364
CA,751,NRT,2279,PVG,3406
CA,751,PEK,3364,ARN,737
CA,751,PEK,3364,BKK,3885
CA,751,PEK,3364,CAN,3370
CA,751,PEK,3364,CPH,609
CA,751,PEK,3364,DEL,3093
CA,751,PEK,3364,DUS,345
CA,751,PEK,3364,DXB,2188
CA,751,PEK,3364,EWR,3494
CA,751,PEK,3364,FCO,1555
CA,751,PEK,3364,FRA,340
CA,751,PEK,3364,GVA,1665
CA,751,PEK,3364,HKG,3077
CA,751,PEK,3364,IAD,3714
CA,751,PEK,3364,IAH,3550
CA,751,PEK,3364,ICN,3930
CA,751,PEK,3364,IST,1701
CA,751,PEK,3364,JFK,3797
CA,751,PEK,3364,LAX,3484
CA,751,PEK,3364,LGW,502
CA,751,PEK,3364,MAD,1229
CA,751,PEK,3364,MUC,346
CA,751,PEK,3364,MXP,1524
CA,751,PEK,3364,NRT,2279
CA,751,PEK,3364,PVG,3406
CA,751,PEK,3364,SFO,3469
CA,751,PEK,3364,SIN,3316
CA,751,PEK,3364,SVO,2985
CA,751,PEK,3364,VIE,1613
CA,751,PVG,3406,CAN,3370
CA,751,PVG,3406,EWR,3494
CA,751,PVG,3406,FRA,340
CA,751,PVG,3406,IST,1701
CA,751,PVG,3406,MUC,346
CA,751,PVG,3406,MXP,1524
CA,751,PVG,3406,NRT,2279
CA,751,PVG,3406,PEK,3364
CA,751,PVG,3406,SFO,3469
CA,751,SFO,3469,PEK,3364
CA,751,SFO,3469,PVG,3406
CA,751,SIN,3316,CTU,3395
CA,751,SIN,3316,PEK,3364
CA,751,SVO,2985,PEK,3364
CA,751,VIE,1613,PEK,3364
CI,1756,AMS,580,MAN,478
CI,1756,BKK,3885,DME,4029
CI,1756,DME,4029,BKK,3885
CI,1756,FRA,340,TPE,2276
CI,1756,TPE,2276,FRA,340
CI,1756,TPE,2276,VIE,1613
CI,1756,VIE,1613,TPE,2276
CM,1889,IAH,3550,SFO,3469
CX,1680,AMS,580,HKG,3077
CX,1680,ATH,3941,DOH,11051
CX,1680,BCN,1218,DOH,11051
CX,1680,BKK,3885,HKG,3077
CX,1680,CAN,3370,HKG,3077
CX,1680,DME,4029,HKG,3077
CX,1680,DOH,11051,ATH,3941
CX,1680,DOH,11051,BCN,1218
CX,1680,DOH,11051,GVA,1665
CX,1680,DOH,11051,HKG,3077
CX,1680,DOH,11051,MAD,1229
CX,1680,DXB,2188,HKG,3077
CX,1680,FCO,1555,HKG,3077
CX,1680,FRA,340,HKG,3077
CX,1680,GVA,1665,DOH,11051
CX,1680,HKG,3077,AMS,580
CX,1680,HKG,3077,BKK,3885
CX,1680,HKG,3077,CAN,3370
CX,1680,HKG,3077,DME,4029
CX,1680,HKG,3077,DOH,11051
CX,1680,HKG,3077,DXB,2188
CX,1680,HKG,3077,FCO,1555
CX,1680,HKG,3077,FRA,340
CX,1680,HKG,3077,KMG,3382
CX,1680,HKG,3077,MXP,1524
CX,1680,KMG,3382,HKG,3077
CX,1680,MAD,1229,DOH,11051
CX,1680,MXP,1524,HKG,3077
CY,1942,MUC,346,FRA,340
CZ,1767,AMS,580,CAN,3370
CZ,1767,AMS,580,CTU,3395
CZ,1767,AMS,580,PEK,3364
CZ,1767,AMS,580,PVG,3406
CZ,1767,BKK,3885,CAN,3370
CZ,1767,CAN,3370,AMS,580
CZ,1767,CAN,3370,BKK,3885
CZ,1767,CAN,3370,DEL,3093
CZ,1767,CAN,3370,DXB,2188
CZ,1767,CAN,3370,ICN,3930
CZ,1767,CAN,3370,LAX,3484
CZ,1767,CAN,3370,LHR,507
CZ,1767,CAN,3370,SVO,2985
CZ,1767,CTU,3395,AMS,580
CZ,1767,DEL,3093,CAN,3370
CZ,1767,DTW,3645,PEK,3364
CZ,1767,DTW,3645,PVG,3406
CZ,1767,DXB,2188,CAN,3370
CZ,1767,ICN,3930,CAN,3370
CZ,1767,ICN,3930,PVG,3406
CZ,1767,KUL,3304,PVG,3406
CZ,1767,LAX,3484,CAN,3370
CZ,1767,LHR,507,CAN,3370
CZ,1767,PEK,3364,AMS,580
CZ,1767,PEK,3364,DTW,3645
CZ,1767,PVG,3406,AMS,580
CZ,1767,PVG,3406,DTW,3645
CZ,1767,PVG,3406,ICN,3930
CZ,1767,PVG,3406,KUL,3304
CZ,1767,SIN,3316,CAN,3370
CZ,1767,SVO,2985,CAN,3370
D7,2417,CTU,3395,KUL,3304
D7,2417,ICN,3930,KUL,3304
D7,2417,JED,2072,KUL,3304
D7,2417,KUL,3304,CTU,3395
D7,2417,KUL,3304,ICN,3930
D7,2417,KUL,3304,JED,2072
D7,2417,KUL,3304,PEK,3364
D7,2417,PEK,3364,KUL,3304
DE,1868,FRA,340,LAS,3877
DE,1868,FRA,340,SEA,3577
DE,1868,LAS,3877,FRA,340
DE,1868,LAS,3877,MAN,478
DE,1868,MAN,478,LAS,3877
DE,1868,MAN,478,MCO,3878
DE,1868,MAN,478,PMI,3998
DE,1868,MCO,3878,MAN,478
DE,1868,PMI,3998,MAN,478
DE,1868,SEA,3577,FRA,340
DL,2009,AMS,580,ATL,3682
DL,2009,AMS,580,BOS,3448
DL,2009,AMS,580,DFW,3670
DL,2009,AMS,580,DTW,3645
DL,2009,AMS,580,EWR,3494
DL,2009,AMS,580,IAD,3714
DL,2009,AMS,580,IAH,3550
DL,2009,AMS,580,JFK,3797
DL,2009,AMS,580,LAX,3484
DL,2009,AMS,580,MSP,3858
DL,2009,AMS,580,ORD,3830
DL,2009,AMS,580,SEA,3577
DL,2009,AMS,580,SFO,3469
DL,2009,AMS,580,YUL,146
DL,2009,AMS,580,YYZ,193
DL,2009,ATL,3682,AMS,580
DL,2009,ATL,3682,DXB,2188
DL,2009,ATL,3682,GRU,2564
DL,2009,ATL,3682,ICN,3930
DL,2009,ATL,3682,NRT,2279
DL,2009,ATL,3682,ZRH,1678
DL,2009,BOS,3448,AMS,580
DL,2009,BOS,3448,MSP,3858
DL,2009,BOS,3448,SLC,3536
DL,2009,DCA,3520,SLC,3536
DL,2009,DEN,3751,DTW,3645
DL,2009,DEN,3751,MSP,3858
DL,2009,DEN,3751,SLC,3536
DL,2009,DFW,3670,AMS,580
DL,2009,DTW,3645,AMS,580
DL,2009,DTW,3645,DEN,3751
DL,2009,DTW,3645,EWR,3494
DL,2009,DTW,3645,FLL,3533
DL,2009,DTW,3645,GRU,2564
DL,2009,DTW,3645,IAD,3714
DL,2009,DTW,3645,IAH,3550
DL,2009,DTW,3645,ICN,3930
DL,2009,DTW,3645,JFK,3797
DL,2009,DTW,3645,LAS,3877
DL,2009,DTW,3645,LAX,3484
DL,2009,DTW,3645,MCO,3878
DL,2009,DTW,3645,MSP,3858
DL,2009,DTW,3645,NRT,2279
DL,2009,DTW,3645,SEA,3577
DL,2009,DTW,3645,SFO,3469
DL,2009,DTW,3645,SLC,3536
DL,2009,DXB,2188,ATL,3682
DL,2009,EWR,3494,AMS,580
DL,2009,EWR,3494,DTW,3645
DL,2009,EWR,3494,MSP,3858
DL,2009,EWR,3494,SLC,3536
DL,2009,FLL,3533,DTW,3645
DL,2009,FLL,3533,MSP,3858
DL,2009,GRU,2564,ATL,3682
DL,2009,GRU,2564,DTW,3645
DL,2009,IAD,3714,AMS,580
DL,2009,IAD,3714,DTW,3645
DL,2009,IAD,3714,ICN,3930
DL,2009,IAD,3714,MSP,3858
DL,2009,IAD,3714,SVO,2985
DL,2009,IAH,3550,AMS,580
DL,2009,IAH,3550,DTW,3645
DL,2009,IAH,3550,MSP,3858
DL,2009,IAH,3550,SLC,3536
DL,2009,ICN,3930,ATL,3682
DL,2009,ICN,3930,DTW,3645
DL,2009,ICN,3930,IAD,3714
DL,2009,ICN,3930,JFK,3797
DL,2009,ICN,3930,LAS,3877
DL,2009,ICN,3930,LAX,3484
DL,2009,ICN,3930,ORD,3830
DL,2009,ICN,3930,SEA,3577
DL,2009,JFK,3797,AMS,580
DL,2009,JFK,3797,DTW,3645
DL,2009,JFK,3797,ICN,3930
DL,2009,JFK,3797,MSP,3858
DL,2009,JFK,3797,PHL,3752
DL,2009,JFK,3797,PVG,3406
DL,2009,JFK,3797,SVO,2985
DL,2009,LAS,3877,DTW,3645
DL,2009,LAS,3877,ICN,3930
DL,2009,LAS,3877,MCO,3878
DL,2009,LAS,3877,MSP,3858
DL,2009,LAS,3877,SLC,3536
DL,2009,LAX,3484,AMS,580
DL,2009,LAX,3484,DTW,3645
DL,2009,LAX,3484,ICN,3930
DL,2009,LAX,3484,SVO,2985
DL,2009,MCO,3878,DTW,3645
DL,2009,MCO,3878,LAS,3877
DL,2009,MCO,3878,MSP,3858
DL,2009,MCO,3878,SLC,3536
DL,2009,MIA,3576,SVO,2985
DL,2009,MSP,3858,AMS,580
DL,2009,MSP,3858,BOS,3448
DL,2009,MSP,3858,DEN,3751
DL,2009,MSP,3858,DTW,3645
DL,2009,MSP,3858,EWR,3494
DL,2009,MSP,3858,FLL,3533
DL,2009,MSP,3858,IAD,3714
DL,2009,MSP,3858,IAH,3550
DL,2009,MSP,3858,JFK,3797
DL,2009,MSP,3858,LAS,3877
DL,2009,MSP,3858,MCO,3878
DL,2009,MSP,3858,NRT,2279
DL,2009,MSP,3858,SLC,3536
DL,2009,MSP,3858,YUL,146
DL,2009,NRT,2279,ATL,3682
DL,2009,NRT,2279,DTW,3645
DL,2009,NRT,2279,MSP,3858
DL,2009,NRT,2279,SEA,3577
DL,2009,ORD,3830,AMS,580
DL,2009,ORD,3830,ICN,3930
DL,2009,PHL,3752,JFK,3797
DL,2009,PVG,3406,JFK,3797
DL,2009,PVG,3406,SEA,3577
DL,2009,SEA,3577,AMS,580
DL,2009,SEA,3577,DTW,3645
DL,2009,SEA,3577,ICN,3930
DL,2009,SEA,3577,NRT,2279
DL,2009,SEA,3577,PVG,3406
DL,2009,SFO,3469,AMS,580
DL,2009,SFO,3469,DTW,3645
DL,2009,SFO,3469,MSP,3858
DL,2009,SFO,3469,SLC,3536
DL,2009,SLC,3536,BOS,3448
DL,2009,SLC,3536,DCA,3520
DL,2009,SLC,3536,DEN,3751
DL,2009,SLC,3536,DTW,3645
DL,2009,SLC,3536,EWR,3494
DL,2009,SLC,3536,IAH,3550
DL,2009,SLC,3536,LAS,3877
DL,2009,SLC,3536,MCO,3878
DL,2009,SLC,3536,MSP,3858
DL,2009,SLC,3536,SFO,3469
DL,2009,SVO,2985,IAD,3714
DL,2009,SVO,2985,JFK,3797
DL,2009,SVO,2985,LAX,3484
DL,2009,SVO,2985,MIA,3576
DL,2009,YUL,146,AMS,580
DL,2009,YUL,146,MSP,3858
DL,2009,YYZ,193,AMS,580
DL,2009,ZRH,1678,ATL,3682
DY,3737,AGP,1230,ARN,737
DY,3737,AGP,1230,CPH,609
DY,3737,AGP,1230,OSL,644
DY,3737,ALC,1212,ARN,737
DY,3737,ALC,1212,CGN,344
DY,3737,ALC,1212,CPH,609
DY,3737,ALC,1212,OSL,644
DY,3737,AMS,580,OSL,644
DY,3737,ARN,737,AGP,1230
DY,3737,ARN,737,ALC,1212
DY,3737,ARN,737,ATH,3941
DY,3737,ARN,737,BCN,1218
DY,3737,ARN,737,BKK,3885
DY,3737,ARN,737,CPH,609
DY,3737,ARN,737,FCO,1555
DY,3737,ARN,737,FLL,3533
DY,3737,ARN,737,JFK,3797
DY,3737,ARN,737,LAX,3484
DY,3737,ARN,737,LGW,502
DY,3737,ARN,737,MAN,478
DY,3737,ARN,737,MUC,346
DY,3737,ARN,737,NCE,1354
DY,3737,ARN,737,ORY,1386
DY,3737,ARN,737,OSL,644
DY,3737,ARN,737,PMI,3998
DY,3737,ARN,737,PRG,1587
DY,3737,ATH,3941,ARN,737
DY,3737,ATH,3941,CPH,609
DY,3737,BCN,1218,ARN,737
DY,3737,BCN,1218,CPH,609
DY,3737,BCN,1218,OSL,644
DY,3737,BKK,3885,ARN,737
DY,3737,BKK,3885,OSL,644
DY,3737,CGN,344,ALC,1212
DY,3737,CGN,344,OSL,644
DY,3737,CPH,609,AGP,1230
DY,3737,CPH,609,ALC,1212
DY,3737,CPH,609,ARN,737
DY,3737,CPH,609,ATH,3941
DY,3737,CPH,609,BCN,1218
DY,3737,CPH,609,DUB,599
DY,3737,CPH,609,FLL,3533
DY,3737,CPH,609,JFK,3797
DY,3737,CPH,609,LAX,3484
DY,3737,CPH,609,LGW,502
DY,3737,CPH,609,LIS,1638
DY,3737,CPH,609,MAD,1229
DY,3737,CPH,609,NCE,1354
DY,3737,CPH,609,ORY,1386
DY,3737,CPH,609,PRG,1587
DY,3737,DUB,599,CPH,609
DY,3737,DUB,599,OSL,644
DY,3737,FCO,1555,ARN,737
DY,3737,FCO,1555,OSL,644
DY,3737,FLL,3533,ARN,737
DY,3737,FLL,3533,CPH,609
DY,3737,FLL,3533,OSL,644
DY,3737,GVA,1665,OSL,644
DY,3737,JFK,3797,ARN,737
DY,3737,JFK,3797,CPH,609
DY,3737,JFK,3797,OSL,644
DY,3737,LAX,3484,ARN,737
DY,3737,LAX,3484,CPH,609
DY,3737,LED,2948,OSL,644
DY,3737,LGW,502,ARN,737
DY,3737,LGW,502,CPH,609
DY,3737,LGW,502,OSL,644
DY,3737,LGW,502,PMI,3998
DY,3737,LIS,1638,CPH,609
DY,3737,LIS,1638,OSL,644
DY,3737,MAD,1229,CPH,609
DY,3737,MAN,478,ARN,737
DY,3737,MAN,478,OSL,644
DY,3737,MUC,346,ARN,737
DY,3737,MUC,346,OSL,644
DY,3737,MXP,1524,OSL,644
DY,3737,NCE,1354,ARN,737
DY,3737,NCE,1354,CPH,609
DY,3737,NCE,1354,OSL,644
DY,3737,ORY,1386,ARN,737
DY,3737,ORY,1386,CPH,609
DY,3737,ORY,1386,OSL,644
DY,3737,OSL,644,AGP,1230
DY,3737,OSL,644,ALC,1212
DY,3737,OSL,644,AMS,580
DY,3737,OSL,644,ARN,737
DY,3737,OSL,644,BCN,1218
DY,3737,OSL,644,BKK,3885
DY,3737,OSL,644,CGN,344
DY,3737,OSL,644,CPH,609
DY,3737,OSL,644,DUB,599
DY,3737,OSL,644,FCO,1555
DY,3737,OSL,644,FLL,3533
DY,3737,OSL,644,GVA,1665
DY,3737,OSL,644,JFK,3797
DY,3737,OSL,644,LED,2948
DY,3737,OSL,644,LGW,502
DY,3737,OSL,644,LIS,1638
DY,3737,OSL,644,MAN,478
DY,3737,OSL,644,MUC,346
DY,3737,OSL,644,MXP,1524
DY,3737,OSL,644,NCE,1354
DY,3737,OSL,644,ORY,1386
DY,3737,OSL,644,PMI,3998
DY,3737,OSL,644,PRG,1587
DY,3737,OSL,644,VIE,1613
DY,3737,PMI,3998,ARN,737
DY,3737,PMI,3998,LGW,502
DY,3737,PMI,3998,OSL,644
DY,3737,PRG,1587,ARN,737
DY,3737,PRG,1587,CPH,609
DY,3737,PRG,1587,OSL,644
DY,3737,VIE,1613,OSL,644
EB,Unknown,MAD,1229,BCN,1218
EI,837,AGP,1230,DUB,599
EI,837,ALC,1212,DUB,599
EI,837,AMS,580,DUB,599
EI,837,ARN,737,DUB,599
EI,837,ATH,3941,DUB,599
EI,837,BCN,1218,DUB,599
EI,837,BOS,3448,DUB,599
EI,837,BRU,302,DUB,599
EI,837,DUB,599,AGP,1230
EI,837,DUB,599,ALC,1212
EI,837,DUB,599,AMS,580
EI,837,DUB,599,ARN,737
EI,837,DUB,599,ATH,3941
EI,837,DUB,599,BCN,1218
EI,837,DUB,599,BOS,3448
EI,837,DUB,599,BRU,302
EI,837,DUB,599,FCO,1555
EI,837,DUB,599,FRA,340
EI,837,DUB,599,GVA,1665
EI,837,DUB,599,IAD,3714
EI,837,DUB,599,LGW,502
EI,837,DUB,599,LIS,1638
EI,837,DUB,599,MAD,1229
EI,837,DUB,599,MAN,478
EI,837,DUB,599,MCO,3878
EI,837,DUB,599,MUC,346
EI,837,DUB,599,MXP,1524
EI,837,DUB,599,NCE,1354
EI,837,DUB,599,PMI,3998
EI,837,DUB,599,PRG,1587
EI,837,DUB,599,SFO,3469
EI,837,DUB,599,VIE,1613
EI,837,DUB,599,ZRH,1678
EI,837,FCO,1555,DUB,599
EI,837,FRA,340,DUB,599
EI,837,GVA,1665,DUB,599
EI,837,IAD,3714,DUB,599
EI,837,LGW,502,DUB,599
EI,837,LIS,1638,DUB,599
EI,837,MAD,1229,DUB,599
EI,837,MAN,478,DUB,599
EI,837,MCO,3878,DUB,599
EI,837,MUC,346,DUB,599
EI,837,MXP,1524,DUB,599
EI,837,NCE,1354,DUB,599
EI,837,PMI,3998,DUB,599
EI,837,PRG,1587,DUB,599
EI,837,SFO,3469,DUB,599
EI,837,VIE,1613,DUB,599
EI,837,ZRH,1678,DUB,599
EK,2183,ARN,737,DXB,2188
EK,2183,ATH,3941,DXB,2188
EK,2183,BCN,1218,DXB,2188
EK,2183,BKK,3885,DXB,2188
EK,2183,CPH,609,DXB,2188
EK,2183,DME,4029,DXB,2188
EK,2183,DUB,599,DXB,2188
EK,2183,DUS,345,DXB,2188
EK,2183,DXB,2188,ARN,737
EK,2183,DXB,2188,ATH,3941
EK,2183,DXB,2188,BCN,1218
EK,2183,DXB,2188,BKK,3885
EK,2183,DXB,2188,CPH,609
EK,2183,DXB,2188,DME,4029
EK,2183,DXB,2188,DOH,11051
EK,2183,DXB,2188,DUB,599
EK,2183,DXB,2188,DUS,345
EK,2183,DXB,2188,FCO,1555
EK,2183,DXB,2188,FRA,340
EK,2183,DXB,2188,GRU,2564
EK,2183,DXB,2188,GVA,1665
EK,2183,DXB,2188,ICN,3930
EK,2183,DXB,2188,IST,1701
EK,2183,DXB,2188,JED,2072
EK,2183,DXB,2188,KUL,3304
EK,2183,DXB,2188,LED,2948
EK,2183,DXB,2188,LGW,502
EK,2183,DXB,2188,LIS,1638
EK,2183,DXB,2188,MAD,1229
EK,2183,DXB,2188,MAN,478
EK,2183,DXB,2188,MUC,346
EK,2183,DXB,2188,NCE,1354
EK,2183,DXB,2188,NRT,2279
EK,2183,DXB,2188,PRG,1587
EK,2183,DXB,2188,PVG,3406
EK,2183,DXB,2188,SIN,3316
EK,2183,DXB,2188,TPE,2276
EK,2183,DXB,2188,VIE,1613
EK,2183,DXB,2188,YYZ,193
EK,2183,DXB,2188,ZRH,1678
EK,2183,FCO,1555,DXB,2188
EK,2183,FRA,340,DXB,2188
EK,2183,GRU,2564,DXB,2188
EK,2183,GVA,1665,DXB,2188
EK,2183,ICN,3930,DXB,2188
EK,2183,IST,1701,DXB,2188
EK,2183,JED,2072,DXB,2188
EK,2183,KUL,3304,DXB,2188
EK,2183,LED,2948,DXB,2188
EK,2183,LGW,502,DXB,2188
EK,2183,LIS,1638,DXB,2188
EK,2183,MAD,1229,DXB,2188
EK,2183,MAN,478,DXB,2188
EK,2183,MUC,346,DXB,2188
EK,2183,NCE,1354,DXB,2188
EK,2183,NRT,2279,DXB,2188
EK,2183,PRG,1587,DXB,2188
EK,2183,PVG,3406,DXB,2188
EK,2183,SIN,3316,DXB,2188
EK,2183,TPE,2276,DXB,2188
EK,2183,VIE,1613,DXB,2188
EK,2183,YYZ,193,DXB,2188
EK,2183,ZRH,1678,DXB,2188
ET,2220,AMS,580,FRA,340
ET,2220,ARN,737,FRA,340
ET,2220,BCN,1218,FRA,340
ET,2220,BRU,302,CDG,1382
ET,2220,BRU,302,FRA,340
ET,2220,CDG,1382,BRU,302
ET,2220,DUS,345,FRA,340
ET,2220,FRA,340,AMS,580
ET,2220,FRA,340,ARN,737
ET,2220,FRA,340,BCN,1218
ET,2220,FRA,340,BRU,302
ET,2220,FRA,340,DUS,345
ET,2220,FRA,340,GVA,1665
ET,2220,FRA,340,LIS,1638
ET,2220,FRA,340,MUC,346
ET,2220,FRA,340,MXP,1524
ET,2220,FRA,340,OSL,644
ET,2220,FRA,340,PRG,1587
ET,2220,FRA,340,ZRH,1678
ET,2220,GVA,1665,FRA,340
ET,2220,LIS,1638,FRA,340
ET,2220,MXP,1524,FRA,340
ET,2220,OSL,644,FRA,340
ET,2220,PRG,1587,FRA,340
ET,2220,ZRH,1678,FRA,340
EY,2222,LIS,1638,AGP,1230
F7,2420,GVA,1665,ZRH,1678
F7,2420,ZRH,1678,GVA,1665
F9,2468,DCA,3520,DEN,3751
F9,2468,DEN,3751,DCA,3520
F9,2468,DEN,3751,FLL,3533
F9,2468,DEN,3751,IAH,3550
F9,2468,DEN,3751,LAS,3877
F9,2468,DEN,3751,MCO,3878
F9,2468,DEN,3751,SFO,3469
F9,2468,FLL,3533,DEN,3751
F9,2468,IAH,3550,DEN,3751
F9,2468,LAS,3877,DEN,3751
F9,2468,MCO,3878,DEN,3751
F9,2468,SFO,3469,DEN,3751
FL,1316,IAD,3714,DEN,3751
FR,4296,AGP,1230,BCN,1218
FR,4296,AGP,1230,BRU,302
FR,4296,AGP,1230,MAN,478
FR,4296,AGP,1230,STN,548
FR,4296,ALC,1212,BRU,302
FR,4296,ALC,1212,MAN,478
FR,4296,ALC,1212,STN,548
FR,4296,ATH,3941,STN,548
FR,4296,BCN,1218,AGP,1230
FR,4296,BCN,1218,BRU,302
FR,4296,BCN,1218,MAN,478
FR,4296,BCN,1218,STN,548
FR,4296,BRU,302,AGP,1230
FR,4296,BRU,302,ALC,1212
FR,4296,BRU,302,BCN,1218
FR,4296,BRU,302,PMI,3998
FR,4296,DUB,599,STN,548
FR,4296,LIS,1638,MAN,478
FR,4296,LIS,1638,STN,548
FR,4296,MAD,1229,MAN,478
FR,4296,MAD,1229,STN,548
FR,4296,MAN,478,AGP,1230
FR,4296,MAN,478,ALC,1212
FR,4296,MAN,478,BCN,1218
FR,4296,MAN,478,LIS,1638
FR,4296,MAN,478,MAD,1229
FR,4296,PMI,3998,BRU,302
FR,4296,PMI,3998,STN,548
FR,4296,PRG,1587,STN,548
FR,4296,STN,548,AGP,1230
FR,4296,STN,548,ALC,1212
FR,4296,STN,548,ATH,3941
FR,4296,STN,548,BCN,1218
FR,4296,STN,548,DUB,599
FR,4296,STN,548,LIS,1638
FR,4296,STN,548,MAD,1229
FR,4296,STN,548,PMI,3998
FR,4296,STN,548,PRG,1587
FV,641,DUS,345,LED,2948
FV,641,LED,2948,DUS,345
FZ,14485,DXB,2188,SAW,4317
FZ,14485,SAW,4317,DXB,2188
GA,2520,IST,1701,SIN,3316
GA,2520,SIN,3316,IST,1701
HA,2688,LAS,3877,SFO,3469
HA,2688,SFO,3469,LAS,3877
HG,3661,DME,4029,VIE,1613
HG,3661,VIE,1613,DME,4029
HU,2660,BRU,302,CPH,609
HU,2660,BRU,302,GVA,1665
HU,2660,BRU,302,MXP,1524
HU,2660,BRU,302,PEK,3364
HU,2660,BRU,302,TXL,351
HU,2660,CPH,609,BRU,302
HU,2660,GVA,1665,BRU,302
HU,2660,LED,2948,PEK,3364
HU,2660,MXP,1524,BRU,302
HU,2660,PEK,3364,BRU,302
HU,2660,PEK,3364,LED,2948
HU,2660,TXL,351,BRU,302
HV,5039,AGP,1230,AMS,580
HV,5039,ALC,1212,AMS,580
HV,5039,AMS,580,AGP,1230
HV,5039,AMS,580,ALC,1212
HV,5039,AMS,580,ATH,3941
HV,5039,AMS,580,BCN,1218
HV,5039,AMS,580,PMI,3998
HV,5039,AMS,580,SAW,4317
HV,5039,ATH,3941,AMS,580
HV,5039,BCN,1218,AMS,580
HV,5039,PMI,3998,AMS,580
HV,5039,SAW,4317,AMS,580
IB,2822,AGP,1230,DME,4029
IB,2822,AGP,1230,MAD,1229
IB,2822,AGP,1230,ORY,1386
IB,2822,ALC,1212,BCN,1218
IB,2822,ALC,1212,DME,4029
IB,2822,ALC,1212,FCO,1555
IB,2822,ALC,1212,MAD,1229
IB,2822,ALC,1212,ORY,1386
IB,2822,ARN,737,MAD,1229
IB,2822,BCN,1218,ALC,1212
IB,2822,BCN,1218,DME,4029
IB,2822,BCN,1218,LED,2948
IB,2822,BCN,1218,LIS,1638
IB,2822,BCN,1218,MAD,1229
IB,2822,BCN,1218,MUC,346
IB,2822,BCN,1218,MXP,1524
IB,2822,BCN,1218,NCE,1354
IB,2822,BCN,1218,ORY,1386
IB,2822,BCN,1218,PRG,1587
IB,2822,BCN,1218,ZRH,1678
IB,2822,DME,4029,AGP,1230
IB,2822,DME,4029,ALC,1212
IB,2822,DME,4029,BCN,1218
IB,2822,DME,4029,MAD,1229
IB,2822,DME,4029,PMI,3998
IB,2822,FCO,1555,ALC,1212
IB,2822,FCO,1555,ORY,1386
IB,2822,LED,2948,BCN,1218
IB,2822,LIS,1638,BCN,1218
IB,2822,LIS,1638,MAD,1229
IB,2822,LIS,1638,ORY,1386
IB,2822,MAD,1229,AGP,1230
IB,2822,MAD,1229,ALC,1212
IB,2822,MAD,1229,ARN,737
IB,2822,MAD,1229,DME,4029
IB,2822,MAD,1229,LIS,1638
IB,2822,MAD,1229,MXP,1524
IB,2822,MAD,1229,NCE,1354
IB,2822,MAD,1229,PRG,1587
IB,2822,MUC,346,BCN,1218
IB,2822,MXP,1524,BCN,1218
IB,2822,MXP,1524,MAD,1229
IB,2822,NCE,1354,BCN,1218
IB,2822,NCE,1354,MAD,1229
IB,2822,ORY,1386,AGP,1230
IB,2822,ORY,1386,ALC,1212
IB,2822,ORY,1386,BCN,1218
IB,2822,ORY,1386,FCO,1555
IB,2822,ORY,1386,LIS,1638
IB,2822,PMI,3998,DME,4029
IB,2822,PRG,1587,BCN,1218
IB,2822,PRG,1587,MAD,1229
IB,2822,ZRH,1678,BCN,1218
JJ,4867,FRA,340,GRU,2564
JJ,4867,GRU,2564,FRA,340
JJ,4867,GRU,2564,MUC,346
JJ,4867,GRU,2564,MXP,1524
JJ,4867,MUC,346,GRU,2564
JJ,4867,MXP,1524,GRU,2564
JL,2987,DME,4029,NRT,2279
JL,2987,DOH,11051,NRT,2279
JL,2987,FRA,340,NRT,2279
JL,2987,NRT,2279,DME,4029
JL,2987,NRT,2279,DOH,11051
JL,2987,NRT,2279,FRA,340
KE,3163,AMS,580,ICN,3930
KE,3163,FRA,340,ICN,3930
KE,3163,IAH,3550,ICN,3930
KE,3163,ICN,3930,AMS,580
KE,3163,ICN,3930,FRA,340
KE,3163,ICN,3930,IAH,3550
KE,3163,ICN,3930,IST,1701
KE,3163,ICN,3930,KMG,3382
KE,3163,ICN,3930,LED,2948
KE,3163,ICN,3930,MAD,1229
KE,3163,ICN,3930,PRG,1587
KE,3163,ICN,3930,SVO,2985
KE,3163,ICN,3930,VIE,1613
KE,3163,ICN,3930,YYZ,193
KE,3163,IST,1701,ICN,3930
KE,3163,KMG,3382,ICN,3930
KE,3163,LED,2948,ICN,3930
KE,3163,MAD,1229,ICN,3930
KE,3163,PRG,1587,ICN,3930
KE,3163,SVO,2985,ICN,3930
KE,3163,YYZ,193,ICN,3930
KE,3163,ZRH,1678,ICN,3930
KL,3090,AMS,580,BRU,302
KL,3090,AMS,580,DEL,3093
KL,3090,AMS,580,GRU,2564
KL,3090,AMS,580,GVA,1665
KL,3090,AMS,580,IST,1701
KL,3090,AMS,580,LED,2948
KL,3090,AMS,580,MAD,1229
KL,3090,AMS,580,MEX,1824
KL,3090,AMS,580,MUC,346
KL,3090,AMS,580,NRT,2279
KL,3090,AMS,580,PRG,1587
KL,3090,AMS,580,SIN,3316
KL,3090,AMS,580,SVO,2985
KL,3090,AMS,580,VIE,1613
KL,3090,AMS,580,ZRH,1678
KL,3090,BRU,302,AMS,580
KL,3090,DEL,3093,AMS,580
KL,3090,GRU,2564,AMS,580
KL,3090,GVA,1665,AMS,580
KL,3090,IST,1701,AMS,580
KL,3090,LED,2948,AMS,580
KL,3090,MAD,1229,AMS,580
KL,3090,MAN,478,AMS,580
KL,3090,MEX,1824,AMS,580
KL,3090,MUC,346,AMS,580
KL,3090,NRT,2279,AMS,580
KL,3090,PRG,1587,AMS,580
KL,3090,SIN,3316,AMS,580
KL,3090,SVO,2985,AMS,580
KL,3090,VIE,1613,AMS,580
KL,3090,ZRH,1678,AMS,580
KQ,3126,DXB,2188,SVO,2985
KQ,3126,SVO,2985,DXB,2188
LH,3320,AGP,1230,FRA,340
LH,3320,BCN,1218,EWR,3494
LH,3320,BKK,3885,FRA,340
LH,3320,BKK,3885,MUC,346
LH,3320,BOS,3448,FRA,340
LH,3320,BOS,3448,MUC,346
LH,3320,BRU,302,IAD,3714
LH,3320,BRU,302,MUC,346
LH,3320,CLT,3876,MUC,346
LH,3320,CPH,609,MUC,346
LH,3320,DEN,3751,FRA,340
LH,3320,DUB,599,EWR,3494
LH,3320,DUS,345,EWR,3494
LH,3320,DUS,345,NRT,2279
LH,3320,DUS,345,OSL,644
LH,3320,EWR,3494,BCN,1218
LH,3320,EWR,3494,DUB,599
LH,3320,EWR,3494,DUS,345
LH,3320,EWR,3494,FCO,1555
LH,3320,EWR,3494,FRA,340
LH,3320,EWR,3494,MAD,1229
LH,3320,EWR,3494,MAN,478
LH,3320,EWR,3494,MUC,346
LH,3320,EWR,3494,MXP,1524
LH,3320,EWR,3494,TXL,351
LH,3320,FCO,1555,EWR,3494
LH,3320,FRA,340,AGP,1230
LH,3320,FRA,340,BKK,3885
LH,3320,FRA,340,BOS,3448
LH,3320,FRA,340,DEN,3751
LH,3320,FRA,340,EWR,3494
LH,3320,FRA,340,IAD,3714
LH,3320,FRA,340,IAH,3550
LH,3320,FRA,340,IST,1701
LH,3320,FRA,340,LAX,3484
LH,3320,FRA,340,LED,2948
LH,3320,FRA,340,MAN,478
LH,3320,FRA,340,MCO,3878
LH,3320,FRA,340,MEX,1824
LH,3320,FRA,340,MIA,3576
LH,3320,FRA,340,NCE,1354
LH,3320,FRA,340,ORD,3830
LH,3320,FRA,340,SFO,3469
LH,3320,FRA,340,SIN,3316
LH,3320,GVA,1665,MUC,346
LH,3320,HKG,3077,MUC,346
LH,3320,IAD,3714,BRU,302
LH,3320,IAD,3714,FRA,340
LH,3320,IAD,3714,MUC,346
LH,3320,IAH,3550,FRA,340
LH,3320,ICN,3930,MUC,346
LH,3320,IST,1701,FRA,340
LH,3320,IST,1701,MUC,346
LH,3320,JFK,3797,MUC,346
LH,3320,LAX,3484,FRA,340
LH,3320,LAX,3484,MUC,346
LH,3320,LED,2948,FRA,340
LH,3320,LED,2948,MUC,346
LH,3320,LIS,1638,MUC,346
LH,3320,MAD,1229,EWR,3494
LH,3320,MAN,478,EWR,3494
LH,3320,MAN,478,FRA,340
LH,3320,MAN,478,MUC,346
LH,3320,MCO,3878,FRA,340
LH,3320,MEX,1824,FRA,340
LH,3320,MEX,1824,MUC,346
LH,3320,MIA,3576,FRA,340
LH,3320,MUC,346,BKK,3885
LH,3320,MUC,346,BOS,3448
LH,3320,MUC,346,BRU,302
LH,3320,MUC,346,CLT,3876
LH,3320,MUC,346,CPH,609
LH,3320,MUC,346,EWR,3494
LH,3320,MUC,346,GVA,1665
LH,3320,MUC,346,HKG,3077
LH,3320,MUC,346,IAD,3714
LH,3320,MUC,346,ICN,3930
LH,3320,MUC,346,IST,1701
LH,3320,MUC,346,JFK,3797
LH,3320,MUC,346,LAX,3484
LH,3320,MUC,346,LED,2948
LH,3320,MUC,346,LIS,1638
LH,3320,MUC,346,MAN,478
LH,3320,MUC,346,MEX,1824
LH,3320,MUC,346,MXP,1524
LH,3320,MUC,346,NCE,1354
LH,3320,MUC,346,ORD,3830
LH,3320,MUC,346,PRG,1587
LH,3320,MUC,346,SFO,3469
LH,3320,MUC,346,ZRH,1678
LH,3320,MXP,1524,EWR,3494
LH,3320,MXP,1524,MUC,346
LH,3320,NCE,1354,FRA,340
LH,3320,NCE,1354,MUC,346
LH,3320,NRT,2279,DUS,345
LH,3320,ORD,3830,FRA,340
LH,3320,ORD,3830,MUC,346
LH,3320,OSL,644,DUS,345
LH,3320,PRG,1587,MUC,346
LH,3320,SFO,3469,FRA,340
LH,3320,SFO,3469,MUC,346
LH,3320,SIN,3316,FRA,340
LH,3320,TXL,351,EWR,3494
LH,3320,ZRH,1678,MUC,346
LS,3026,FCO,1555,MAN,478
LS,3026,MAN,478,FCO,1555
LS,3026,MAN,478,NCE,1354
LS,3026,MAN,478,PRG,1587
LS,3026,MAN,478,VIE,1613
LS,3026,NCE,1354,MAN,478
LS,3026,PRG,1587,MAN,478
LS,3026,VIE,1613,MAN,478
LX,4559,AGP,1230,GVA,1665
LX,4559,AGP,1230,ZRH,1678
LX,4559,ARN,737,ZRH,1678
LX,4559,ATH,3941,ZRH,1678
LX,4559,BCN,1218,GVA,1665
LX,4559,BKK,3885,ZRH,1678
LX,4559,BOS,3448,ZRH,1678
LX,4559,BRU,302,ZRH,1678
LX,4559,CPH,609,ZRH,1678
LX,4559,DME,4029,GVA,1665
LX,4559,DME,4029,ZRH,1678
LX,4559,EWR,3494,GVA,1665
LX,4559,EWR,3494,ZRH,1678
LX,4559,GRU,2564,ZRH,1678
LX,4559,GVA,1665,AGP,1230
LX,4559,GVA,1665,BCN,1218
LX,4559,GVA,1665,DME,4029
LX,4559,GVA,1665,EWR,3494
LX,4559,GVA,1665,IAD,3714
LX,4559,GVA,1665,JFK,3797
LX,4559,GVA,1665,LED,2948
LX,4559,GVA,1665,NCE,1354
LX,4559,GVA,1665,PMI,3998
LX,4559,GVA,1665,PRG,1587
LX,4559,GVA,1665,VIE,1613
LX,4559,HKG,3077,ZRH,1678
LX,4559,IAD,3714,GVA,1665
LX,4559,IAD,3714,ZRH,1678
LX,4559,IST,1701,ZRH,1678
LX,4559,JFK,3797,GVA,1665
LX,4559,LAS,3877,ZRH,1678
LX,4559,LAX,3484,ZRH,1678
LX,4559,LED,2948,GVA,1665
LX,4559,LED,2948,ZRH,1678
LX,4559,MAN,478,ZRH,1678
LX,4559,MIA,3576,ZRH,1678
LX,4559,MXP,1524,ZRH,1678
LX,4559,NCE,1354,GVA,1665
LX,4559,NCE,1354,ZRH,1678
LX,4559,NRT,2279,ZRH,1678
LX,4559,ORD,3830,ZRH,1678
LX,4559,OSL,644,ZRH,1678
LX,4559,PEK,3364,ZRH,1678
LX,4559,PMI,3998,GVA,1665
LX,4559,PRG,1587,GVA,1665
LX,4559,PRG,1587,ZRH,1678
LX,4559,PVG,3406,ZRH,1678
LX,4559,SFO,3469,ZRH,1678
LX,4559,SIN,3316,ZRH,1678
LX,4559,VIE,1613,GVA,1665
LX,4559,ZRH,1678,AGP,1230
LX,4559,ZRH,1678,ARN,737
LX,4559,ZRH,1678,ATH,3941
LX,4559,ZRH,1678,BKK,3885
LX,4559,ZRH,1678,BOS,3448
LX,4559,ZRH,1678,BRU,302
LX,4559,ZRH,1678,CPH,609
LX,4559,ZRH,1678,DME,4029
LX,4559,ZRH,1678,EWR,3494
LX,4559,ZRH,1678,GRU,2564
LX,4559,ZRH,1678,HKG,3077
LX,4559,ZRH,1678,IAD,3714
LX,4559,ZRH,1678,IST,1701
LX,4559,ZRH,1678,LAS,3877
LX,4559,ZRH,1678,LAX,3484
LX,4559,ZRH,1678,LED,2948
LX,4559,ZRH,1678,MAN,478
LX,4559,ZRH,1678,MIA,3576
LX,4559,ZRH,1678,MXP,1524
LX,4559,ZRH,1678,NCE,1354
LX,4559,ZRH,1678,NRT,2279
LX,4559,ZRH,1678,ORD,3830
LX,4559,ZRH,1678,OSL,644
LX,4559,ZRH,1678,PEK,3364
LX,4559,ZRH,1678,PRG,1587
LX,4559,ZRH,1678,PVG,3406
LX,4559,ZRH,1678,SFO,3469
LX,4559,ZRH,1678,SIN,3316
MH,3378,DOH,11051,KUL,3304
MH,3378,IST,1701,KUL,3304
MH,3378,KUL,3304,DOH,11051
MH,3378,KUL,3304,IST,1701
MI,4750,CKG,3393,SIN,3316
MI,4750,KMG,3382,SIN,3316
MI,4750,SIN,3316,CKG,3393
MI,4750,SIN,3316,KMG,3382
MU,1758,BKK,3885,CTU,3395
MU,1758,BKK,3885,KMG,3382
MU,1758,CTU,3395,BKK,3885
MU,1758,DXB,2188,KMG,3382
MU,1758,KMG,3382,BKK,3885
MU,1758,KMG,3382,DXB,2188
MU,1758,PVG,3406,SVO,2985
MU,1758,SVO,2985,PVG,3406
NH,324,DEN,3751,NRT,2279
NH,324,EWR,3494,NRT,2279
NH,324,IAD,3714,NRT,2279
NH,324,IAH,3550,NRT,2279
NH,324,IST,1701,NRT,2279
NH,324,NRT,2279,DEN,3751
NH,324,NRT,2279,EWR,3494
NH,324,NRT,2279,IAD,3714
NH,324,NRT,2279,IAH,3550
NH,324,NRT,2279,IST,1701
NH,324,NRT,2279,SFO,3469
NH,324,NRT,2279,VIE,1613
NH,324,SFO,3469,NRT,2279
NH,324,VIE,1613,NRT,2279
NK,4687,FLL,3533,LAS,3877
NK,4687,IAH,3550,LAS,3877
NK,4687,IAH,3550,MCO,3878
NK,4687,LAS,3877,FLL,3533
NK,4687,LAS,3877,IAH,3550
NK,4687,MCO,3878,IAH,3550
OK,1946,AGP,1230,PRG,1587
OK,1946,BRU,302,PRG,1587
OK,1946,LED,2948,PRG,1587
OK,1946,MXP,1524,PRG,1587
OK,1946,NCE,1354,PRG,1587
OK,1946,PMI,3998,PRG,1587
OK,1946,PRG,1587,AGP,1230
OK,1946,PRG,1587,BRU,302
OK,1946,PRG,1587,LED,2948
OK,1946,PRG,1587,MXP,1524
OK,1946,PRG,1587,NCE,1354
OK,1946,PRG,1587,PMI,3998
OK,1946,PRG,1587,SVO,2985
OK,1946,PRG,1587,TXL,351
OK,1946,SVO,2985,PRG,1587
OK,1946,TXL,351,PRG,1587
OM,3354,SVO,2985,TXL,351
OM,3354,TXL,351,SVO,2985
OR,1299,MIA,3576,AMS,580
OS,491,BRU,302,VIE,1613
OS,491,IAD,3714,VIE,1613
OS,491,IST,1701,VIE,1613
OS,491,JFK,3797,VIE,1613
OS,491,LED,2948,VIE,1613
OS,491,LIS,1638,VIE,1613
OS,491,ORD,3830,VIE,1613
OS,491,PRG,1587,VIE,1613
OS,491,VIE,1613,BRU,302
OS,491,VIE,1613,IAD,3714
OS,491,VIE,1613,IST,1701
OS,491,VIE,1613,JFK,3797
OS,491,VIE,1613,LED,2948
OS,491,VIE,1613,LIS,1638
OS,491,VIE,1613,ORD,3830
OS,491,VIE,1613,PRG,1587
OZ,28,DOH,11051,ICN,3930
OZ,28,ICN,3930,DOH,11051
PC,3926,ARN,737,SAW,4317
PC,3926,ATH,3941,SAW,4317
PC,3926,BCN,1218,SAW,4317
PC,3926,CPH,609,SAW,4317
PC,3926,DME,4029,SAW,4317
PC,3926,DOH,11051,SAW,4317
PC,3926,FCO,1555,SAW,4317
PC,3926,FRA,340,SAW,4317
PC,3926,MAD,1229,SAW,4317
PC,3926,ORY,1386,SAW,4317
PC,3926,SAW,4317,ARN,737
PC,3926,SAW,4317,ATH,3941
PC,3926,SAW,4317,BCN,1218
PC,3926,SAW,4317,CPH,609
PC,3926,SAW,4317,DME,4029
PC,3926,SAW,4317,DOH,11051
PC,3926,SAW,4317,FCO,1555
PC,3926,SAW,4317,FRA,340
PC,3926,SAW,4317,MAD,1229
PC,3926,SAW,4317,ORY,1386
PC,3926,SAW,4317,STN,548
PC,3926,SAW,4317,VIE,1613
PC,3926,SAW,4317,ZRH,1678
PC,3926,STN,548,SAW,4317
PC,3926,VIE,1613,SAW,4317
PC,3926,ZRH,1678,SAW,4317
PK,3871,CDG,1382,MXP,1524
PK,3871,MXP,1524,CDG,1382
QR,4091,ARN,737,DOH,11051
QR,4091,BKK,3885,DOH,11051
QR,4091,BRU,302,DOH,11051
QR,4091,CAN,3370,DOH,11051
QR,4091,CDG,1382,DOH,11051
QR,4091,CKG,3393,DOH,11051
QR,4091,CPH,609,DOH,11051
QR,4091,CTU,3395,DOH,11051
QR,4091,DME,4029,DOH,11051
QR,4091,DOH,11051,ARN,737
QR,4091,DOH,11051,BKK,3885
QR,4091,DOH,11051,BRU,302
QR,4091,DOH,11051,CAN,3370
QR,4091,DOH,11051,CDG,1382
QR,4091,DOH,11051,CKG,3393
QR,4091,DOH,11051,CPH,609
QR,4091,DOH,11051,CTU,3395
QR,4091,DOH,11051,DME,4029
QR,4091,DOH,11051,FCO,1555
QR,4091,DOH,11051,GRU,2564
QR,4091,DOH,11051,IST,1701
QR,4091,DOH,11051,JED,2072
QR,4091,DOH,11051,LHR,507
QR,4091,DOH,11051,MAN,478
QR,4091,DOH,11051,MUC,346
QR,4091,DOH,11051,MXP,1524
QR,4091,DOH,11051,OSL,644
QR,4091,DOH,11051,PEK,3364
QR,4091,DOH,11051,PVG,3406
QR,4091,DOH,11051,SIN,3316
QR,4091,DOH,11051,TXL,351
QR,4091,DOH,11051,VIE,1613
QR,4091,DOH,11051,YUL,146
QR,4091,DOH,11051,ZRH,1678
QR,4091,FCO,1555,DOH,11051
QR,4091,GRU,2564,DOH,11051
QR,4091,IST,1701,DOH,11051
QR,4091,JED,2072,DOH,11051
QR,4091,LHR,507,DOH,11051
QR,4091,MAN,478,DOH,11051
QR,4091,MUC,346,DOH,11051
QR,4091,MXP,1524,DOH,11051
QR,4091,OSL,644,DOH,11051
QR,4091,PEK,3364,DOH,11051
QR,4091,PVG,3406,DOH,11051
QR,4091,SIN,3316,DOH,11051
QR,4091,TXL,351,DOH,11051
QR,4091,VIE,1613,DOH,11051
QR,4091,YUL,146,DOH,11051
QR,4091,ZRH,1678,DOH,11051
S4,4304,AGP,1230,LIS,1638
S4,4304,ARN,737,LIS,1638
S4,4304,BOS,3448,LIS,1638
S4,4304,LGW,502,LIS,1638
S4,4304,LIS,1638,ARN,737
S4,4304,LIS,1638,BOS,3448
S4,4304,LIS,1638,LGW,502
S4,4304,LIS,1638,YYZ,193
S4,4304,YYZ,193,LIS,1638
S7,4329,DME,4029,LIS,1638
S7,4329,LIS,1638,DME,4029
SK,4319,ARN,737,BRU,302
SK,4319,ARN,737,EWR,3494
SK,4319,ARN,737,IST,1701
SK,4319,ARN,737,LED,2948
SK,4319,ARN,737,ORD,3830
SK,4319,ARN,737,SVO,2985
SK,4319,BKK,3885,CPH,609
SK,4319,BRU,302,ARN,737
SK,4319,BRU,302,OSL,644
SK,4319,CPH,609,BKK,3885
SK,4319,CPH,609,EWR,3494
SK,4319,CPH,609,IAD,3714
SK,4319,CPH,609,IST,1701
SK,4319,CPH,609,LED,2948
SK,4319,CPH,609,MAN,478
SK,4319,CPH,609,MXP,1524
SK,4319,CPH,609,NRT,2279
SK,4319,CPH,609,ORD,3830
SK,4319,CPH,609,PVG,3406
SK,4319,CPH,609,SFO,3469
SK,4319,CPH,609,SIN,3316
SK,4319,CPH,609,SVO,2985
SK,4319,EWR,3494,ARN,737
SK,4319,EWR,3494,CPH,609
SK,4319,EWR,3494,OSL,644
SK,4319,IAD,3714,CPH,609
SK,4319,IST,1701,ARN,737
SK,4319,IST,1701,CPH,609
SK,4319,IST,1701,OSL,644
SK,4319,LED,2948,ARN,737
SK,4319,LED,2948,CPH,609
SK,4319,MAN,478,CPH,609
SK,4319,MXP,1524,CPH,609
SK,4319,NRT,2279,CPH,609
SK,4319,ORD,3830,ARN,737
SK,4319,ORD,3830,CPH,609
SK,4319,OSL,644,BRU,302
SK,4319,OSL,644,EWR,3494
SK,4319,OSL,644,IST,1701
SK,4319,OSL,644,SVO,2985
SK,4319,PVG,3406,CPH,609
SK,4319,SFO,3469,CPH,609
SK,4319,SIN,3316,CPH,609
SK,4319,SVO,2985,ARN,737
SK,4319,SVO,2985,CPH,609
SK,4319,SVO,2985,OSL,644
SN,1531,BKK,3885,BRU,302
SN,1531,BRU,302,BKK,3885
SN,1531,BRU,302,DME,4029
SN,1531,BRU,302,MAN,478
SN,1531,BRU,302,NCE,1354
SN,1531,BRU,302,ORD,3830
SN,1531,DME,4029,BRU,302
SN,1531,MAN,478,BRU,302
SN,1531,NCE,1354,BRU,302
SN,1531,ORD,3830,BRU,302
SQ,4435,BCN,1218,GRU,2564
SQ,4435,BCN,1218,SIN,3316
SQ,4435,DME,4029,IAH,3550
SQ,4435,DME,4029,SIN,3316
SQ,4435,FCO,1555,SIN,3316
SQ,4435,GRU,2564,BCN,1218
SQ,4435,IAH,3550,DME,4029
SQ,4435,MUC,346,SIN,3316
SQ,4435,MXP,1524,SIN,3316
SQ,4435,SIN,3316,BCN,1218
SQ,4435,SIN,3316,DME,4029
SQ,4435,SIN,3316,FCO,1555
SQ,4435,SIN,3316,MUC,346
SQ,4435,SIN,3316,MXP,1524
SS,1908,ORY,1386,YUL,146
SS,1908,YUL,146,ORY,1386
SU,130,AGP,1230,SVO,2985
SU,130,ATH,3941,SVO,2985
SU,130,BCN,1218,SVO,2985
SU,130,BKK,3885,SVO,2985
SU,130,BRU,302,SVO,2985
SU,130,DEL,3093,SVO,2985
SU,130,DME,4029,NCE,1354
SU,130,DUS,345,SVO,2985
SU,130,FRA,340,SVO,2985
SU,130,GVA,1665,SVO,2985
SU,130,HKG,3077,SVO,2985
SU,130,IST,1701,LED,2948
SU,130,IST,1701,SVO,2985
SU,130,LED,2948,IST,1701
SU,130,LED,2948,NCE,1354
SU,130,LED,2948,SVO,2985
SU,130,LHR,507,SVO,2985
SU,130,MAD,1229,SVO,2985
SU,130,MUC,346,SVO,2985
SU,130,NCE,1354,DME,4029
SU,130,NCE,1354,LED,2948
SU,130,NCE,1354,SVO,2985
SU,130,NRT,2279,SVO,2985
SU,130,SVO,2985,AGP,1230
SU,130,SVO,2985,ATH,3941
SU,130,SVO,2985,BCN,1218
SU,130,SVO,2985,BKK,3885
SU,130,SVO,2985,BRU,302
SU,130,SVO,2985,DEL,3093
SU,130,SVO,2985,DUS,345
SU,130,SVO,2985,FRA,340
SU,130,SVO,2985,GVA,1665
SU,130,SVO,2985,HKG,3077
SU,130,SVO,2985,IST,1701
SU,130,SVO,2985,LED,2948
SU,130,SVO,2985,LHR,507
SU,130,SVO,2985,MAD,1229
SU,130,SVO,2985,MUC,346
SU,130,SVO,2985,NCE,1354
SU,130,SVO,2985,NRT,2279
SU,130,SVO,2985,VIE,1613
SU,130,SVO,2985,YYZ,193
SU,130,SVO,2985,ZRH,1678
SU,130,VIE,1613,SVO,2985
SU,130,YYZ,193,SVO,2985
SU,130,ZRH,1678,SVO,2985
SV,4533,CAN,3370,JED,2072
SV,4533,GVA,1665,JED,2072
SV,4533,IAD,3714,JED,2072
SV,4533,IST,1701,JED,2072
SV,4533,JED,2072,CAN,3370
SV,4533,JED,2072,GVA,1665
SV,4533,JED,2072,IAD,3714
SV,4533,JED,2072,JFK,3797
SV,4533,JED,2072,LAX,3484
SV,4533,JED,2072,MAD,1229
SV,4533,JED,2072,MAN,478
SV,4533,JED,2072,SIN,3316
SV,4533,JED,2072,YYZ,193
SV,4533,JFK,3797,JED,2072
SV,4533,LAX,3484,JED,2072
SV,4533,MAD,1229,JED,2072
SV,4533,MAN,478,JED,2072
SV,4533,SIN,3316,JED,2072
SV,4533,YYZ,193,JED,2072
TG,4940,BKK,3885,FCO,1555
TG,4940,BKK,3885,IST,1701
TG,4940,BKK,3885,MAD,1229
TG,4940,BKK,3885,MXP,1524
TG,4940,FCO,1555,BKK,3885
TG,4940,IST,1701,BKK,3885
TG,4940,MAD,1229,BKK,3885
TG,4940,MXP,1524,BKK,3885
TK,4951,AGP,1230,IST,1701
TK,4951,BCN,1218,IST,1701
TK,4951,BRU,302,IST,1701
TK,4951,BRU,302,SAW,4317
TK,4951,CDG,1382,SAW,4317
TK,4951,CGN,344,IST,1701
TK,4951,DUB,599,IST,1701
TK,4951,DUS,345,IST,1701
TK,4951,GRU,2564,IST,1701
TK,4951,GVA,1665,IST,1701
TK,4951,HKG,3077,IST,1701
TK,4951,IAD,3714,IST,1701
TK,4951,IAH,3550,IST,1701
TK,4951,IST,1701,AGP,1230
TK,4951,IST,1701,BCN,1218
TK,4951,IST,1701,BRU,302
TK,4951,IST,1701,CGN,344
TK,4951,IST,1701,DUB,599
TK,4951,IST,1701,DUS,345
TK,4951,IST,1701,GRU,2564
TK,4951,IST,1701,GVA,1665
TK,4951,IST,1701,HKG,3077
TK,4951,IST,1701,IAD,3714
TK,4951,IST,1701,IAH,3550
TK,4951,IST,1701,JFK,3797
TK,4951,IST,1701,LAX,3484
TK,4951,IST,1701,LGW,502
TK,4951,IST,1701,LIS,1638
TK,4951,IST,1701,MAD,1229
TK,4951,IST,1701,MAN,478
TK,4951,IST,1701,MXP,1524
TK,4951,IST,1701,NCE,1354
TK,4951,IST,1701,ORD,3830
TK,4951,IST,1701,PRG,1587
TK,4951,IST,1701,TXL,351
TK,4951,JFK,3797,IST,1701
TK,4951,LAX,3484,IST,1701
TK,4951,LGW,502,IST,1701
TK,4951,LGW,502,SAW,4317
TK,4951,LIS,1638,IST,1701
TK,4951,MAD,1229,IST,1701
TK,4951,MAN,478,IST,1701
TK,4951,MXP,1524,IST,1701
TK,4951,MXP,1524,SAW,4317
TK,4951,NCE,1354,IST,1701
TK,4951,ORD,3830,IST,1701
TK,4951,PRG,1587,IST,1701
TK,4951,SAW,4317,BRU,302
TK,4951,SAW,4317,CDG,1382
TK,4951,SAW,4317,LGW,502
TK,4951,SAW,4317,MXP,1524
TK,4951,TXL,351,IST,1701
TO,8745,ATH,3941,ORY,1386
TO,8745,ORY,1386,ATH,3941
TO,8745,ORY,1386,PRG,1587
TO,8745,PRG,1587,ORY,1386
TP,4869,DUS,345,LIS,1638
TP,4869,EWR,3494,LIS,1638
TP,4869,GRU,2564,LIS,1638
TP,4869,LIS,1638,DUS,345
TP,4869,LIS,1638,EWR,3494
TP,4869,LIS,1638,GRU,2564
TP,4869,LIS,1638,MIA,3576
TP,4869,LIS,1638,NCE,1354
TP,4869,LIS,1638,PRG,1587
TP,4869,MIA,3576,LIS,1638
TP,4869,NCE,1354,LIS,1638
TP,4869,PRG,1587,LIS,1638
TS,1317,AGP,1230,YUL,146
TS,1317,ATH,3941,YUL,146
TS,1317,ATH,3941,YYZ,193
TS,1317,BCN,1218,YUL,146
TS,1317,FCO,1555,YUL,146
TS,1317,LGW,502,YUL,146
TS,1317,LGW,502,YYZ,193
TS,1317,LIS,1638,YUL,146
TS,1317,MAN,478,YYZ,193
TS,1317,NCE,1354,YUL,146
TS,1317,YUL,146,AGP,1230
TS,1317,YUL,146,ATH,3941
TS,1317,YUL,146,BCN,1218
TS,1317,YUL,146,FCO,1555
TS,1317,YUL,146,LGW,502
TS,1317,YUL,146,LIS,1638
TS,1317,YUL,146,NCE,1354
TS,1317,YYZ,193,ATH,3941
TS,1317,YYZ,193,LGW,502
TS,1317,YYZ,193,MAN,478
U2,2297,AGP,1230,MXP,1524
U2,2297,ALC,1212,GVA,1665
U2,2297,AMS,580,MXP,1524
U2,2297,AMS,580,STN,548
U2,2297,ATH,3941,LGW,502
U2,2297,BRU,302,LGW,502
U2,2297,CDG,1382,LGW,502
U2,2297,CGN,344,LGW,502
U2,2297,CPH,609,STN,548
U2,2297,DME,4029,LGW,502
U2,2297,DME,4029,MAN,478
U2,2297,DUS,345,LGW,502
U2,2297,GVA,1665,ALC,1212
U2,2297,GVA,1665,LGW,502
U2,2297,GVA,1665,MAN,478
U2,2297,GVA,1665,ORY,1386
U2,2297,LGW,502,ATH,3941
U2,2297,LGW,502,BRU,302
U2,2297,LGW,502,CDG,1382
U2,2297,LGW,502,CGN,344
U2,2297,LGW,502,DME,4029
U2,2297,LGW,502,DUS,345
U2,2297,LGW,502,GVA,1665
U2,2297,LGW,502,MAD,1229
U2,2297,LGW,502,MUC,346
U2,2297,LGW,502,MXP,1524
U2,2297,LGW,502,PRG,1587
U2,2297,LGW,502,VIE,1613
U2,2297,LGW,502,ZRH,1678
U2,2297,MAD,1229,LGW,502
U2,2297,MAN,478,DME,4029
U2,2297,MAN,478,GVA,1665
U2,2297,MUC,346,LGW,502
U2,2297,MUC,346,STN,548
U2,2297,MXP,1524,AGP,1230
U2,2297,MXP,1524,AMS,580
U2,2297,MXP,1524,LGW,502
U2,2297,MXP,1524,PMI,3998
U2,2297,NCE,1354,STN,548
U2,2297,ORY,1386,GVA,1665
U2,2297,PMI,3998,MXP,1524
U2,2297,PRG,1587,LGW,502
U2,2297,STN,548,AMS,580
U2,2297,STN,548,CPH,609
U2,2297,STN,548,MUC,346
U2,2297,STN,548,NCE,1354
U2,2297,VIE,1613,LGW,502
U2,2297,ZRH,1678,LGW,502
U6,5234,CGN,344,DME,4029
U6,5234,DME,4029,CGN,344
UA,5209,BOS,3448,IAH,3550
UA,5209,DCA,3520,EWR,3494
UA,5209,DCA,3520,IAH,3550
UA,5209,DCA,3520,SFO,3469
UA,5209,DEL,3093,EWR,3494
UA,5209,DEN,3751,EWR,3494
UA,5209,DEN,3751,IAD,3714
UA,5209,DEN,3751,MEX,1824
UA,5209,EWR,3494,DCA,3520
UA,5209,EWR,3494,DEL,3093
UA,5209,EWR,3494,DEN,3751
UA,5209,EWR,3494,GRU,2564
UA,5209,EWR,3494,IAD,3714
UA,5209,EWR,3494,IAH,3550
UA,5209,EWR,3494,LAS,3877
UA,5209,EWR,3494,LAX,3484
UA,5209,EWR,3494,MEX,1824
UA,5209,EWR,3494,SFO,3469
UA,5209,FCO,1555,IAD,3714
UA,5209,FLL,3533,IAD,3714
UA,5209,FLL,3533,IAH,3550
UA,5209,GRU,2564,EWR,3494
UA,5209,GRU,2564,IAD,3714
UA,5209,GRU,2564,IAH,3550
UA,5209,GRU,2564,ORD,3830
UA,5209,IAD,3714,EWR,3494
UA,5209,IAD,3714,FCO,1555
UA,5209,IAD,3714,FLL,3533
UA,5209,IAD,3714,GRU,2564
UA,5209,IAD,3714,IAH,3550
UA,5209,IAD,3714,LAS,3877
UA,5209,IAD,3714,MAN,478
UA,5209,IAD,3714,MCO,3878
UA,5209,IAD,3714,ORD,3830
UA,5209,IAD,3714,PHL,3752
UA,5209,IAD,3714,PHX,3462
UA,5209,IAD,3714,SEA,3577
UA,5209,IAD,3714,SFO,3469
UA,5209,IAH,3550,BOS,3448
UA,5209,IAH,3550,DCA,3520
UA,5209,IAH,3550,EWR,3494
UA,5209,IAH,3550,FLL,3533
UA,5209,IAH,3550,GRU,2564
UA,5209,IAH,3550,IAD,3714
UA,5209,IAH,3550,MUC,346
UA,5209,LAS,3877,EWR,3494
UA,5209,LAS,3877,IAD,3714
UA,5209,LAX,3484,EWR,3494
UA,5209,MCO,3878,IAD,3714
UA,5209,MCO,3878,SFO,3469
UA,5209,MEX,1824,DEN,3751
UA,5209,MEX,1824,EWR,3494
UA,5209,MUC,346,IAH,3550
UA,5209,ORD,3830,GRU,2564
UA,5209,ORD,3830,IAD,3714
UA,5209,PHL,3752,IAD,3714
UA,5209,PHX,3462,IAD,3714
UA,5209,SEA,3577,IAD,3714
UA,5209,SFO,3469,DCA,3520
UA,5209,SFO,3469,EWR,3494
UA,5209,SFO,3469,IAD,3714
UA,5209,SFO,3469,IAH,3550
UA,5209,SFO,3469,MCO,3878
UN,5067,DME,4029,MXP,1524
UN,5067,MXP,1524,DME,4029
XY,3754,JED,2072,LGW,502
XY,3754,JED,2072,SAW,4317
XY,3754,LGW,502,JED,2072
XY,3754,SAW,4317,JED,2072
